PSRJ,P0,P1,W50,S1400,DM ,SPINDX
J0034-0534,0.001877,4.97e-21,0.0008,0.61,13.77 ,-2.72
J0034-0721,0.942951,4.08e-16,0.0377,11.10,10.92 ,-1.60
J0045-7042,0.632336,2.49e-15,0.019,0.11,70.00 ,-1.6
J0045-7319,0.926276,4.46e-15,0.02,0.30,105.40 ,-1.6
J0051+0423,0.354732,7.00e-18,0.0256,0.50,13.90 ,-1.6
J0108-1431,0.807565,7.70e-17,0.026,1.40,2.38 ,-1.6
J0111-7131,0.688542,7.09e-15,0.013,0.06,76.00 ,-1.6
J0131-7310,0.348124,1.76e-15,0.0048,0.15,205.20 ,-1.6
J0134-2937,0.136962,7.84e-17,0.0019,3.90,21.81 ,-1.6
J0151-0635,1.464665,4.43e-16,0.1172,1.60,25.66 ,-1.39
J0152-1637,0.832742,1.30e-15,0.0146,2.10,11.93 ,-1.83
J0206-4028,0.630550,1.20e-15,0.0049,0.80,12.90 ,-1.6
J0211-8159,1.077333,2.90e-16,0.0485,0.30,24.36 ,-1.6
J0255-5304,0.447708,3.06e-17,0.0075,5.00,15.90 ,-1.6
J0304+1932,1.387584,1.30e-15,0.042,15.10,15.66 ,-1.40
J0323+3944,3.032072,6.36e-16,0.0427,0.90,26.19 ,-2.80
J0343-3000,2.597027,5.70e-17,0.0353,1.30,20.20 ,-1.6
J0401-7608,0.545253,1.54e-15,0.0203,3.80,21.70 ,-1.50
J0421-0345,2.161308,1.16e-15,0.025,0.50,44.61 ,-1.6
J0435+2749,0.326279,8.17e-18,0.053,0.24,53.19 ,-2.30
J0437-4715,0.005757,5.73e-20,0.000141,160.00,2.64 ,-1.00
J0448-2749,0.450448,1.48e-16,0.0105,2.00,26.22 ,-1.6
J0449-7031,0.479164,3.37e-15,0.0079,0.14,65.83 ,-1.6
J0450-1248,0.438014,1.03e-16,0.0248,1.20,37.04 ,-2.00
J0452-1759,0.548939,5.75e-15,0.0268,16.80,39.90 ,-2.30
J0456-7031,0.800132,3.67e-14,0.008,0.05,100.30 ,-1.6
J0457-6337,2.497012,2.10e-16,0.036,0.18,27.50 ,-1.6
J0459-0210,1.133076,1.40e-15,0.0101,0.60,21.02 ,-1.6
J0511-6508,0.322062,2.06e-16,0.012,0.60,25.66 ,-1.6
J0517+2212,0.222367,1.16e-17,0.028,0.46,18.70 ,-1.6
J0519-6932,0.263212,6.97e-16,0.0041,0.14,119.40 ,-1.6
J0520-2553,0.241642,3.01e-17,0.0095,0.80,33.77 ,-1.6
J0522-6847,0.674532,1.77e-14,0.012,0.19,126.45 ,-1.6
J0525+1115,0.354438,7.36e-17,0.0139,1.70,79.42 ,-1.90
J0528+2200,3.745539,4.01e-14,0.1519,8.90,50.87 ,-1.50
J0529-6652,0.975725,1.55e-14,0.024,0.30,103.20 ,-1.6
J0532-6639,0.642743,5.35e-15,0.009,0.08,69.30 ,-1.6
J0533+0402,0.963018,1.60e-16,0.015,0.70,83.70 ,-1.6
J0534+2200,0.033392,4.21e-13,0.003,14.00,56.77 ,-3.10
J0534-6703,1.817565,4.25e-13,0.025,0.08,94.70 ,-1.6
J0536-7543,1.245856,5.65e-16,0.0571,8.40,18.58 ,-1.80
J0538+2817,0.143158,3.67e-15,0.0027,1.90,39.57 ,-1.6
J0540+3207,0.524271,4.48e-16,0.012,0.34,61.97 ,-1.6
J0540-6919,0.050570,4.79e-13,0.018,0.02,146.50 ,-1.6
J0540-7125,1.286015,8.20e-16,0.03,0.30,29.41 ,-1.6
J0543+2329,0.245975,1.54e-14,0.0053,10.70,77.70 ,-0.70
J0543-6851,0.708954,3.94e-15,0.058,0.22,131.00 ,-1.6
J0555-7056,0.827838,5.96e-15,0.027,0.21,73.40 ,-1.6
J0601-0527,0.395969,1.30e-15,0.0158,2.60,80.54 ,-1.74
J0610-2100,0.003861,1.24e-20,0.0002,0.40,60.67 ,-1.6
J0611+1436,0.270329,4.00e-15,0.0116,1.10,45.70 ,-1.6
J0612+3721,0.443871,1.50e-16,0.0053,4.00,39.27 ,-1.50
J0613-0200,0.003062,9.59e-21,0.000462,2.30,38.78 ,-1.80
J0613+3731,0.619198,3.24e-15,0.011,0.13,18.99 ,-1.80
J0614+2229,0.334960,5.94e-14,0.0062,3.30,96.91 ,-1.77
J0621+0336,0.269954,7.24e-18,0.00344,1.00,72.59 ,-1.6
J0621+1002,0.028854,4.73e-20,0.00915,1.90,36.47 ,-1.90
J0623+0340,0.613760,8.84e-17,0.01878,0.27,54.00 ,-1.6
J0624-0424,1.039076,8.30e-16,0.0052,1.40,70.83 ,-1.00
J0627+0649,0.346523,1.70e-15,0.00633,1.89,86.60 ,-1.6
J0627+0706,0.475874,2.98e-14,0.0052,1.39,138.25 ,-1.60
J0628+0909,1.241421,5.48e-16,0.008,0.06,88.30 ,-1.6
J0629+2415,0.476623,2.00e-15,0.0088,3.20,84.18 ,-1.50
J0630-0046,0.680575,3.75e-15,0.00571,0.41,97.30 ,-1.6
J0630-2834,1.244419,7.12e-15,0.0633,31.90,34.42 ,-1.60
J0631+1036,0.287800,1.05e-13,0.0065,0.90,125.36 ,-1.6
J0633-2015,3.253211,3.82e-15,0.06,0.20,90.70 ,-1.6
J0636-4549,1.984597,3.17e-15,0.0154,0.10,26.31 ,-1.6
J0646+0905,0.903913,7.36e-16,0.02027,3.60,149.00 ,-1.6
J0647+0913,1.234854,6.42e-15,0.01162,0.18,154.70 ,-1.6
J0652-0142,0.924054,1.52e-16,0.02389,0.41,116.30 ,-1.6
J0656-2228,1.224754,2.67e-17,0.0133,3.00,32.39 ,-1.00
J0656-5449,0.183157,3.19e-17,0.0061,0.40,67.50 ,-1.6
J0658+0022,0.563295,9.15e-15,0.01267,0.13,122.00 ,-1.6
J0659+1414,0.384929,5.49e-14,0.0146,2.70,13.94 ,-1.10
J0709-5923,0.485268,1.26e-16,0.0028,0.30,65.00 ,-1.6
J0711-6830,0.005491,1.49e-20,0.001092,5.00,18.41 ,-1.70
J0719-2545,0.974725,7.28e-15,0.0125,0.80,253.89 ,-1.99
J0721-2038,0.015542,4.40e-20,0.00064,0.21,76.10 ,-1.6
J0725-1635,0.424311,9.26e-17,0.0041,0.33,98.98 ,-1.6
J0726-2612,3.442308,2.93e-13,0.0134,0.20,69.40 ,-1.6
J0729-1448,0.251659,1.13e-13,0.0084,0.83,91.70 ,-1.70
J0729-1836,0.510160,1.90e-14,0.0055,1.90,61.29 ,-1.70
J0733-2345,1.796250,5.70e-15,0.02,0.07,194.00 ,-1.6
J0737-2202,0.320366,5.47e-15,0.0063,0.47,95.70 ,-1.6
J0737-3039A,0.022699,1.76e-18,0.0143,1.60,48.92 ,-1.6
J0737-3039B,2.773461,8.92e-16,0.058,1.30,48.92 ,-1.6
J0738-4042,0.374920,1.62e-15,0.0227,99.70,160.90 ,-1.89
J0742-2822,0.166762,1.68e-14,0.0042,26.00,73.73 ,-2.00
J0745-5353,0.214836,2.73e-15,0.0107,5.00,121.38 ,-1.60
J0746-4529,2.791025,1.67e-14,0.0194,0.20,134.57 ,-1.6
J0749-4247,1.095452,9.77e-16,0.014,0.50,104.59 ,-1.6
J0751+1807,0.003479,7.79e-21,0.0007,3.20,30.25 ,-1.60
J0754+3231,1.442349,1.08e-15,0.0122,0.60,39.99 ,-1.50
J0758-1528,0.682265,1.62e-15,0.0034,2.60,63.33 ,-1.10
J0804-3647,2.191987,4.21e-15,0.03795,0.29,196.00 ,-1.6
J0807-5421,0.526644,3.78e-16,0.0102,0.40,165.03 ,-1.6
J0808-3937,0.866349,4.01e-16,0.01319,0.21,165.00 ,-1.6
J0809-4753,0.547199,3.08e-15,0.0081,2.60,228.30 ,-1.6
J0812-3905,0.482596,4.49e-17,0.03706,0.38,327.00 ,-1.6
J0818-3049,0.763742,5.80e-16,0.00641,0.33,133.70 ,-1.6
J0818-3232,2.161259,7.53e-16,0.0234,1.40,131.80 ,-1.70
J0820-1350,1.238130,2.11e-15,0.0217,6.00,40.94 ,-2.20
J0820-3826,0.124836,2.44e-15,0.0056,0.49,195.56 ,-1.80
J0820-3921,1.073567,1.22e-14,0.0629,0.40,179.40 ,-2.08
J0820-4114,0.545446,1.89e-17,0.1385,5.00,113.40 ,-1.6
J0821-4221,0.396728,3.48e-15,0.0155,0.80,270.60 ,-3.15
J0823+0159,0.864873,1.05e-16,0.0195,4.00,23.73 ,-2.30
J0826+2637,0.530661,1.71e-15,0.0058,10.00,19.48 ,-1.60
J0828-3417,1.848919,9.96e-16,0.74,0.25,52.20 ,-1.6
J0831-4406,0.311674,1.28e-15,0.0061,0.43,254.00 ,-1.10
J0834-4159,0.121116,4.44e-15,0.0047,0.28,240.50 ,-1.60
J0835-3707,0.541404,9.78e-15,0.0049,0.28,112.30 ,-1.6
J0835-4510,0.089328,1.25e-13,0.0014,1050.00,67.97 ,-1.30
J0837+0610,1.273768,6.80e-15,0.0248,5.00,12.86 ,-2.70
J0837-4135,0.751624,3.54e-15,0.0044,35.00,147.29 ,-1.6
J0838-2621,0.308581,3.90e-17,0.006,0.50,116.90 ,-4.84
J0838-3947,1.703946,8.13e-16,0.057,0.11,219.00 ,-1.6
J0840-5332,0.720612,1.64e-15,0.0218,1.70,156.50 ,-1.6
J0842-4851,0.644354,9.50e-15,0.0063,1.10,196.85 ,-1.6
J0843-5022,0.208956,1.72e-16,0.0045,0.70,178.47 ,-1.99
J0846-3533,1.116097,1.60e-15,0.0186,5.00,94.16 ,-2.00
J0849-6322,0.367953,7.91e-16,0.005,1.00,91.29 ,-1.6
J0855-3331,1.267536,6.32e-15,0.0228,0.60,86.64 ,-2.00
J0855-4644,0.064686,7.26e-15,0.0042,0.28,236.40 ,-1.20
J0855-4658,0.575072,1.36e-14,0.011,0.23,472.70 ,-1.6
J0856-6137,0.962509,1.68e-15,0.0168,3.30,95.00 ,-1.6
J0857-4424,0.326774,2.33e-14,0.0093,0.98,184.43 ,-1.90
J0900-3144,0.011110,4.89e-20,0.0008,3.00,75.71 ,-1.30
J0901-4624,0.441995,8.75e-14,0.0031,0.51,199.30 ,-1.10
J0902-6325,0.660313,1.07e-16,0.0167,1.70,76.00 ,-1.6
J0904-4246,0.965171,1.89e-15,0.021,0.60,145.80 ,-1.6
J0904-7459,0.549553,4.63e-16,0.0166,2.00,51.10 ,-1.90
J0905-4536,0.988281,1.49e-16,0.1661,1.10,179.70 ,-1.6
J0905-5127,0.346287,2.49e-14,0.0074,1.05,196.43 ,-2.09
J0905-6019,0.340854,5.22e-16,0.0053,0.30,91.40 ,-1.6
J0907-5157,0.253556,1.83e-15,0.0121,17.00,103.72 ,-1.6
J0908-1739,0.401626,6.69e-16,0.0086,4.00,15.88 ,-1.50
J0908-4913,0.106755,1.52e-14,0.0009,20.00,180.37 ,-1.6
J0909-7212,1.362890,3.33e-16,0.0133,1.90,54.30 ,-1.00
J0912-3851,1.526085,3.59e-15,0.0356,0.10,71.50 ,-1.6
J0919-6040,1.216976,1.00e-17,0.0237,0.20,82.50 ,-1.6
J0922+0638,0.430627,1.37e-14,0.0059,10.00,27.30 ,-1.80
J0922-4949,0.950289,9.76e-14,0.0069,0.52,237.10 ,-1.00
J0924-5302,0.746295,3.55e-14,0.0131,1.10,152.90 ,-2.16
J0924-5814,0.739501,4.88e-15,0.0405,6.00,57.40 ,-1.40
J0927+2345,0.761889,3.05e-16,0.0135,0.06,17.24 ,-1.6
J0932-3217,1.931627,2.50e-16,0.0134,0.30,102.10 ,-2.74
J0932-5327,4.392159,8.37e-15,0.062,0.15,122.00 ,-1.6
J0934-4154,0.570409,2.69e-16,0.01,0.30,113.79 ,-1.6
J0934-5249,1.444773,4.65e-15,0.0225,3.20,100.00 ,-1.6
J0940-5428,0.087545,3.29e-14,0.0026,0.66,134.55 ,-1.00
J0941-5244,0.658558,1.14e-15,0.0154,0.50,157.94 ,-1.6
J0942-5552,0.664367,2.29e-14,0.009,11.00,180.20 ,-2.64
J0942-5657,0.808127,3.96e-14,0.004,1.00,159.74 ,-1.6
J0943+1631,1.087418,9.11e-17,0.0532,1.30,20.34 ,-1.00
J0943+2253,0.532975,8.98e-17,0.0115,0.39,27.25 ,-0.80
J0944-1354,0.570264,4.53e-17,0.0069,0.60,12.50 ,-3.00
J0945-4833,0.331586,4.83e-15,0.0046,0.39,98.10 ,-2.73
J0947+2740,0.851014,4.30e-16,0.04,0.13,29.09 ,-2.20
J0949-6902,0.640016,6.37e-16,0.0037,0.30,93.00 ,-1.6
J0952-3839,1.373815,5.80e-16,0.0336,4.00,167.00 ,-2.50
J0953+0755,0.253065,2.30e-16,0.0089,100.00,2.97 ,-1.30
J0954-5430,0.472834,4.39e-14,0.0097,0.51,201.57 ,-0.30
J0955-5304,0.862118,3.52e-15,0.0078,0.94,156.90 ,-1.6
J0957-5432,0.203557,1.95e-15,0.0036,0.18,226.10 ,-1.6
J0959-4809,0.670086,8.20e-17,0.0942,4.00,92.70 ,-1.6
J1000-5149,0.255677,9.59e-16,0.0045,0.26,72.80 ,-1.6
J1001-5507,1.436583,5.14e-14,0.0072,10.00,130.32 ,-1.6
J1001-5559,1.661177,8.60e-16,0.0148,1.40,159.30 ,-2.40
J1001-5939,7.733640,5.99e-14,0.0086,0.15,113.00 ,-1.6
J1002-5559,0.777501,1.57e-15,0.025,0.12,426.00 ,-1.6
J1002-5919,0.713489,1.04e-16,0.0613,0.17,347.00 ,-1.6
J1003-4747,0.307072,2.21e-14,0.0063,1.43,98.49 ,-1.40
J1012-5830,2.133591,3.77e-14,0.031,0.08,294.00 ,-1.6
J1012-5857,0.819911,1.77e-14,0.0073,1.80,383.90 ,-1.80
J1013-5934,0.442901,5.58e-16,0.0043,2.60,379.78 ,-0.90
J1015-5719,0.139882,5.74e-14,0.0443,3.00,278.10 ,-0.62
J1016-5345,0.769584,1.93e-15,0.0068,1.10,66.80 ,-1.60
J1016-5819,0.087834,6.98e-16,0.0027,0.36,252.16 ,-2.00
J1016-5857,0.107386,8.08e-14,0.0029,0.90,394.48 ,-1.30
J1017-5621,0.503459,3.13e-15,0.0029,1.80,438.70 ,-2.00
J1017-7156,0.002339,2.22e-21,6e-05,1.10,94.22 ,-1.73
J1018-1642,1.804695,1.74e-15,0.0211,0.70,48.82 ,-2.00
J1019-5749,0.162499,2.01e-14,0.0562,3.80,1040.00 ,-1.6
J1020-5921,1.238305,4.05e-14,0.0169,0.20,80.00 ,-1.6
J1020-6026,0.140480,6.74e-15,0.014,0.25,441.50 ,-1.6
J1021-5601,0.670026,5.34e-17,0.052,0.37,212.00 ,-1.6
J1022+1001,0.016453,4.33e-20,0.000972,6.10,10.25 ,-1.40
J1022-5813,1.643726,1.45e-13,0.036,0.20,714.00 ,-1.6
J1024-0719,0.005162,1.86e-20,0.000521,0.30,6.48 ,-1.90
J1028-5819,0.091403,1.61e-14,0.0001,0.24,96.53 ,1.30
J1031-6117,0.306411,1.78e-15,0.01,0.12,506.80 ,-1.6
J1032-5206,2.407622,1.79e-14,0.021,0.19,139.00 ,-1.6
J1032-5911,0.464208,3.00e-15,0.02,1.10,418.20 ,-2.50
J1034-3224,1.150590,2.30e-16,0.2519,8.00,50.75 ,-1.60
J1035-6345,0.579577,3.50e-16,0.0082,0.24,189.70 ,-1.6
J1036-4926,0.510368,1.65e-15,0.0099,0.80,136.53 ,-1.50
J1036-6559,0.533502,1.36e-15,0.0083,0.30,158.36 ,-1.6
J1038+0032,0.028852,6.70e-20,0.0021,0.20,26.59 ,-1.6
J1038-5831,0.661992,1.25e-15,0.0142,2.30,72.74 ,-1.30
J1041-1942,1.386368,9.45e-16,0.0489,2.30,33.78 ,-2.00
J1042-5521,1.170859,6.73e-15,0.025,0.62,306.50 ,-1.6
J1043-6116,0.288602,1.04e-14,0.0042,1.39,448.91 ,-1.20
J1045-4509,0.007474,1.77e-20,0.00084,1.90,58.14 ,-2.00
J1046+0304,0.326271,1.24e-16,0.023,0.30,25.30 ,-1.6
J1046-5813,0.369427,1.14e-15,0.0079,1.40,240.20 ,-1.90
J1047-3032,0.330328,6.10e-17,0.0232,1.10,52.54 ,-1.6
J1047-6709,0.198451,1.69e-15,0.0022,3.10,116.16 ,-0.70
J1048-5832,0.123671,9.63e-14,0.0048,9.10,128.68 ,-0.52
J1049-5833,2.202325,4.41e-15,0.03,0.70,446.80 ,-1.6
J1052-5954,0.180592,2.00e-14,0.0023,0.15,491.90 ,-1.6
J1052-6348,0.383830,3.87e-16,0.01,0.11,167.50 ,-1.6
J1054-5943,0.346909,4.07e-15,0.0048,0.31,330.70 ,-1.6
J1054-5946,0.228324,2.09e-16,0.0067,0.20,253.90 ,-1.6
J1054-6452,1.840004,3.14e-15,0.022,0.25,234.00 ,-1.6
J1055-6022,0.947558,9.24e-14,0.0232,0.20,590.00 ,-1.6
J1055-6028,0.099661,2.95e-14,0.0029,0.95,636.50 ,-1.6
J1055-6236,0.448635,7.08e-16,0.0073,0.12,149.70 ,-1.6
J1055-6905,2.919397,2.03e-14,0.0397,0.30,142.80 ,-1.6
J1056-5709,0.676082,5.76e-16,0.016,0.11,436.50 ,-1.6
J1056-6258,0.422447,3.58e-15,0.0174,34.00,320.30 ,-1.10
J1056-7117,0.026310,6.30e-20,0.005,0.34,93.04 ,-1.6
J1057-5226,0.197108,5.83e-15,0.0887,4.40,29.69 ,-0.95
J1057-7914,1.347402,1.33e-15,0.021,0.60,51.00 ,-1.6
J1058-5957,0.616270,6.57e-16,0.0156,0.60,334.00 ,-2.57
J1059-5742,1.184999,4.30e-15,0.0174,2.00,108.70 ,-3.30
J1101-6424,0.005109,1.80e-21,0.00054,0.27,207.00 ,-1.6
J1103-5403,0.003393,3.68e-21,0.00014,0.18,103.92 ,-1.6
J1103-6025,0.396587,9.90e-16,0.0055,0.17,275.90 ,-1.6
J1104-6103,0.280905,1.97e-15,0.0049,0.24,78.51 ,-1.6
J1105-6107,0.063193,1.58e-14,0.0028,1.20,271.24 ,-1.10
J1106-6438,2.717934,2.33e-15,0.027,0.19,203.00 ,-1.6
J1107-5907,0.252773,9.01e-18,0.0093,0.18,40.20 ,-1.6
J1107-5947,1.516531,3.40e-16,0.0383,0.30,158.40 ,-1.59
J1107-6143,1.799396,1.56e-13,0.026,0.38,406.00 ,-1.58
J1110-5637,0.558253,2.06e-15,0.0202,3.30,262.56 ,-1.20
J1112-6103,0.064962,3.15e-14,0.0113,2.30,599.10 ,-1.00
J1112-6613,0.334213,8.24e-16,0.0131,1.70,249.30 ,-2.10
J1112-6926,0.820484,2.84e-15,0.0248,0.60,148.40 ,-2.20
J1114-6100,0.880820,4.61e-14,0.0274,4.70,677.00 ,-0.90
J1115-6052,0.259777,7.23e-15,0.004,0.48,226.92 ,-1.20
J1116-4122,0.943158,7.95e-15,0.0092,6.00,40.53 ,-1.20
J1117-6154,0.505097,1.25e-14,0.0039,1.60,493.60 ,-1.6
J1117-6447,1.155272,2.40e-16,0.061,0.14,303.00 ,-1.6
J1119-6127,0.407963,4.02e-12,0.0215,1.09,704.80 ,-1.40
J1119-7936,2.280597,3.67e-15,0.0355,0.70,27.40 ,-1.6
J1121-5444,0.535783,2.77e-15,0.0189,1.50,204.70 ,-2.20
J1123-4844,0.244838,6.54e-17,0.0074,1.00,92.92 ,-1.40
J1123-6102,0.640234,6.46e-15,0.0069,1.10,439.40 ,-1.6
J1123-6259,0.271434,5.25e-15,0.0053,0.51,223.26 ,-2.10
J1123-6651,0.232976,2.75e-15,0.0168,0.60,111.20 ,-2.30
J1124-5638,0.185560,9.00e-18,0.015,0.31,289.50 ,-1.6
J1124-6421,0.479099,6.20e-16,0.013,0.19,298.00 ,-1.6
J1125-5825,0.003102,6.09e-20,0.00031,0.86,124.79 ,-1.6
J1125-6014,0.002630,4.01e-21,0.00021,0.05,52.95 ,-1.6
J1126-6054,0.202737,2.81e-16,0.0035,1.40,280.27 ,-1.6
J1126-6942,0.579416,3.30e-15,0.0079,0.30,55.33 ,-1.6
J1128-6219,0.515984,1.10e-17,0.093,0.27,675.00 ,-1.6
J1130-5826,0.162323,1.59e-17,0.004,0.18,261.10 ,-1.6
J1130-5925,0.680984,9.52e-16,0.016,0.12,264.40 ,-1.6
J1130-6807,0.256353,4.60e-16,0.017,0.55,148.73 ,-3.62
J1132-5627,0.175166,6.80e-17,0.0049,0.09,305.70 ,-1.6
J1133-6250,1.022875,4.52e-16,0.2577,7.00,567.80 ,-1.80
J1136+1551,1.187913,3.73e-15,0.0059,20.00,4.84 ,-1.50
J1136-5525,0.364706,8.22e-15,0.0136,6.00,85.50 ,-1.20
J1137-6700,0.556216,7.17e-17,0.0868,1.50,228.04 ,-1.6
J1138-6207,0.117564,1.25e-14,0.0078,0.57,520.40 ,-0.90
J1141-3107,0.538432,1.96e-15,0.019,0.80,30.77 ,-1.6
J1141-3322,0.291468,4.63e-16,0.0109,1.60,46.45 ,-1.20
J1141-6545,0.393899,4.31e-15,0.0044,2.40,116.08 ,-2.70
J1142-6230,0.558383,7.79e-17,0.03,0.26,343.80 ,-1.6
J1143-5158,0.675646,6.95e-16,0.0079,0.30,159.03 ,-1.6
J1143-5536,0.685358,4.85e-16,0.0107,0.20,185.00 ,-1.6
J1144-6217,0.850665,3.08e-14,0.01,0.20,284.70 ,-1.6
J1146-6030,0.273372,1.79e-15,0.0104,3.20,111.68 ,-1.60
J1148-5725,3.559937,1.11e-14,0.053,0.12,174.00 ,-1.6
J1148-6415,3.241029,2.70e-15,0.037,0.06,241.00 ,-1.6
J1151-6108,0.101633,1.03e-14,0.00565,0.06,216.00 ,-1.6
J1152-5800,1.789829,1.28e-15,0.016,0.12,191.00 ,-1.6
J1152-6012,0.376570,6.69e-15,0.0096,0.17,74.00 ,-1.6
J1154-6250,0.282012,5.59e-16,0.0059,0.07,74.00 ,-1.6
J1156-5707,0.288409,2.65e-14,0.0026,0.27,243.20 ,-1.20
J1157-6224,0.400522,3.93e-15,0.0113,14.00,325.20 ,-2.40
J1159-6409,0.667486,2.40e-17,0.21,0.47,178.00 ,-1.6
J1159-7910,0.525074,2.82e-15,0.0123,0.70,59.24 ,-2.00
J1201-6306,0.592136,3.56e-15,0.013,0.13,683.00 ,-1.6
J1202-5820,0.452801,2.13e-15,0.0088,3.00,145.41 ,-1.80
J1204-6843,0.308861,2.17e-16,0.0078,0.50,133.93 ,-1.6
J1210-5559,0.279767,7.26e-16,0.0047,2.30,174.35 ,-2.40
J1210-6550,4.237010,4.31e-16,0.039,0.17,37.00 ,-1.6
J1211-6324,0.433084,2.57e-16,0.015,0.45,333.80 ,-1.6
J1214-5830,0.909823,5.34e-17,0.0094,0.14,141.10 ,-1.6
J1215-5328,0.636414,1.15e-16,0.0348,0.50,163.00 ,-1.6
J1216-6223,0.374047,1.68e-14,0.0106,0.23,790.00 ,-1.6
J1220-6318,0.789212,8.03e-17,0.058,0.68,347.00 ,-2.87
J1222-5738,1.081164,1.50e-16,0.028,0.11,74.00 ,-1.6
J1224-6208,0.585761,2.02e-14,0.01,0.23,454.20 ,-1.6
J1224-6407,0.216476,4.95e-15,0.0055,8.90,97.69 ,-1.36
J1225-5556,1.018453,2.06e-15,0.0178,0.30,125.83 ,-1.6
J1225-6035,0.626324,2.88e-16,0.0039,0.26,176.10 ,-1.69
J1225-6408,0.419618,9.46e-16,0.0045,1.80,415.10 ,-1.6
J1227-6208,0.034528,1.87e-19,0.0013,0.22,363.00 ,-1.6
J1231-4609,0.877239,3.80e-17,0.0419,1.70,76.00 ,-1.6
J1231-6303,1.351236,1.40e-15,0.1742,1.50,301.00 ,-2.00
J1232-6501,0.088282,8.11e-19,0.011,0.34,239.40 ,-1.6
J1233-6312,0.564759,6.92e-15,0.057,0.25,414.00 ,-1.6
J1233-6344,0.756892,3.88e-15,0.012,0.07,495.00 ,-1.6
J1235-6354,0.256778,1.97e-16,0.01,0.16,439.90 ,-1.6
J1236-5033,0.294760,1.56e-16,0.0098,0.60,105.02 ,-1.6
J1237-6725,2.110974,2.19e-15,0.0534,0.40,176.50 ,-4.48
J1239+2453,1.382449,9.60e-16,0.0445,23.20,9.25 ,-1.80
J1239-6832,1.301908,1.19e-14,0.0166,0.96,94.30 ,-2.30
J1240-4124,0.512242,1.74e-15,0.004,0.60,44.10 ,-1.6
J1243-5735,0.471225,8.00e-17,0.012,0.14,270.60 ,-1.6
J1243-6423,0.388481,4.50e-15,0.005,34.20,297.25 ,-1.6
J1244-5053,0.275207,1.00e-15,0.0054,0.20,109.95 ,-1.6
J1244-6359,0.147274,4.40e-18,0.0098,0.15,286.00 ,-1.6
J1244-6531,1.546819,7.18e-15,0.021,0.17,388.00 ,-1.6
J1245-6238,2.283093,1.09e-14,0.062,0.14,336.20 ,-1.6
J1246+2253,0.473871,8.89e-17,0.0097,0.39,17.79 ,0.80
J1248-6344,0.198335,1.69e-14,0.012,0.20,433.00 ,-1.6
J1248-6444,1.234893,1.93e-15,0.0543,0.15,236.40 ,-1.6
J1249-6507,0.434445,1.21e-17,0.011,0.10,215.00 ,-1.6
J1251-7407,0.327058,3.65e-16,0.0025,0.20,89.81 ,-1.6
J1252-6314,0.823339,1.08e-16,0.02,0.66,278.40 ,-1.6
J1253-5820,0.255496,2.10e-15,0.0035,4.10,100.58 ,-1.80
J1254-6150,0.184502,6.24e-16,0.0035,0.15,95.00 ,-1.6
J1255-6131,0.657974,4.00e-15,0.0086,0.13,206.50 ,-1.6
J1257-1027,0.617308,3.63e-16,0.006,1.20,29.63 ,-1.70
J1259-6741,0.663329,1.21e-15,0.0214,1.30,94.70 ,-2.10
J1300+1240,0.006219,1.14e-19,0.00066,2.00,10.17 ,-1.80
J1301-6305,0.184528,2.67e-13,0.0223,0.49,374.00 ,-0.90
J1301-6310,0.663830,5.64e-14,0.011,0.11,86.10 ,-1.6
J1302-6313,0.967846,6.33e-15,0.093,0.18,500.00 ,-1.6
J1302-6350,0.047763,2.28e-15,0.0234,4.50,146.73 ,-0.50
J1303-6305,2.306642,2.18e-15,0.038,0.36,343.00 ,-3.36
J1305-6203,0.427762,3.21e-14,0.0146,0.67,471.00 ,-1.40
J1305-6256,0.478231,2.11e-15,0.019,0.32,967.00 ,-1.6
J1305-6455,0.571647,4.03e-15,0.0144,2.10,505.00 ,-2.30
J1306-6242,0.981902,5.86e-15,0.033,0.14,480.00 ,-1.6
J1306-6617,0.473026,5.97e-15,0.0204,5.00,436.90 ,-1.6
J1307-6318,4.962427,2.11e-14,0.505,1.40,374.00 ,-1.6
J1308-5844,0.464700,8.64e-15,0.0059,0.21,205.60 ,-1.6
J1309-6415,0.619454,8.79e-15,0.026,0.21,574.00 ,-1.6
J1309-6526,0.398292,1.84e-17,0.01,0.15,340.00 ,-1.6
J1311-1228,0.447518,1.51e-16,0.0067,0.50,36.21 ,-1.80
J1312-6400,2.437432,6.83e-16,0.034,0.75,93.00 ,-1.6
J1314-6101,2.948390,1.17e-14,0.059,0.41,309.00 ,-3.09
J1316-6232,0.342825,5.30e-15,0.119,0.74,983.30 ,-1.6
J1317-6302,0.261271,1.02e-16,0.0102,1.60,678.10 ,-2.00
J1319-6056,0.284351,1.53e-15,0.0044,1.30,400.94 ,-2.20
J1319-6105,0.421118,1.50e-15,0.013,0.84,442.20 ,-1.40
J1320-3512,0.458488,1.90e-18,0.0098,4.70,16.42 ,-1.6
J1320-5359,0.279729,9.25e-15,0.0076,2.10,97.10 ,-1.70
J1321-5922,1.279058,2.37e-15,0.026,0.19,383.00 ,-1.6
J1322-6241,0.506058,2.59e-15,0.0087,0.37,618.80 ,-1.6
J1322-6329,2.764209,1.11e-14,0.034,0.17,659.00 ,-1.6
J1324-6146,0.844109,5.58e-15,0.072,0.73,828.00 ,-1.6
J1324-6302,2.483804,9.79e-16,0.018,0.23,497.00 ,-1.6
J1326-5859,0.477991,3.24e-15,0.0056,18.00,287.30 ,-1.80
J1326-6408,0.792670,3.10e-15,0.0077,1.90,502.70 ,-2.50
J1326-6700,0.543009,5.31e-15,0.0419,13.60,209.60 ,-1.10
J1327-6222,0.529913,1.89e-14,0.0088,21.00,318.80 ,-1.6
J1327-6301,0.196479,1.53e-15,0.0048,4.20,294.91 ,-1.70
J1327-6400,0.280678,3.12e-14,0.0115,0.21,679.00 ,-1.30
J1328-4357,0.532699,3.01e-15,0.0104,4.40,42.00 ,-1.6
J1329-6158,1.565218,3.39e-14,0.031,0.22,514.00 ,-1.6
J1331-5245,0.648117,5.10e-16,0.0279,0.30,148.40 ,-1.6
J1332-3032,0.650434,5.60e-16,0.034,0.30,15.10 ,-1.6
J1333-4449,0.345603,5.40e-19,0.0013,0.30,44.30 ,-1.6
J1334-5839,0.107718,2.16e-17,0.0041,0.62,119.30 ,-1.6
J1337-6306,0.207953,3.56e-16,0.012,0.11,777.70 ,-1.6
J1337-6423,0.009423,2.47e-20,0.00073,0.29,259.20 ,-1.6
J1338-6204,1.238990,1.39e-14,0.0895,5.90,640.30 ,-1.40
J1339-4712,0.137055,5.30e-19,0.0019,0.70,39.90 ,-1.6
J1339-6618,0.558179,3.50e-16,0.026,0.23,241.00 ,-1.6
J1340-6456,0.378622,5.05e-15,0.0141,0.90,76.99 ,-1.6
J1341-6023,0.627285,1.95e-14,0.0092,0.63,364.60 ,-1.6
J1341-6220,0.193340,2.53e-13,0.0077,2.70,719.65 ,-0.92
J1342+2822B,0.002389,1.86e-20,0.0002,0.01,26.15 ,-1.6
J1344-6059,0.540102,4.30e-17,0.029,0.19,435.00 ,-1.6
J1345-6115,1.253085,3.25e-15,0.027,0.59,278.10 ,-1.80
J1346-4918,0.299625,3.50e-17,0.01,0.50,74.42 ,-1.6
J1347-5947,0.609962,1.42e-14,0.011,0.67,293.40 ,-2.10
J1348-6307,0.927772,3.79e-15,0.079,0.51,597.00 ,-3.06
J1349-6130,0.259363,5.13e-15,0.004,0.76,284.50 ,-1.00
J1352-6803,0.628903,1.23e-15,0.0271,1.00,214.60 ,-2.99
J1354-6249,2.951938,1.48e-14,0.057,0.24,254.00 ,-1.6
J1355-5747,2.038674,7.15e-16,0.029,0.36,229.00 ,-1.6
J1355-5925,1.213381,5.99e-15,0.021,0.55,354.80 ,-1.52
J1355-6206,0.276603,3.10e-18,0.019,0.54,547.00 ,-1.6
J1356-5521,0.507380,7.24e-16,0.0154,0.90,174.17 ,-1.6
J1357-6429,0.166108,3.60e-13,0.0126,0.52,128.50 ,-1.40
J1359-6038,0.127501,6.34e-15,0.0025,12.50,293.74 ,-1.90
J1401-6357,0.842790,1.67e-14,0.0091,7.10,98.00 ,-1.80
J1403-6310,0.399170,9.00e-17,0.018,0.65,305.00 ,-1.6
J1403-7646,1.306198,1.20e-15,0.0943,0.80,100.60 ,-1.6
J1404+1159,2.650439,1.37e-15,0.0037,0.03,18.47 ,-1.6
J1405-5641,0.617575,1.20e-15,0.013,0.10,273.00 ,-1.6
J1406-5806,0.288349,6.11e-16,0.049,0.84,229.00 ,-1.6
J1406-6121,0.213075,5.47e-14,0.0117,0.44,537.80 ,-0.50
J1407-6048,0.492344,3.16e-15,0.021,0.20,575.20 ,-1.6
J1407-6153,0.701615,8.85e-15,0.057,0.36,645.00 ,-1.6
J1409-6953,0.528591,8.40e-16,0.0238,0.30,167.63 ,-1.6
J1410-6132,0.050052,3.20e-14,0.017,1.90,961.00 ,-1.6
J1410-7404,0.278729,6.74e-18,0.0011,1.20,54.24 ,-1.6
J1412-6111,0.529156,1.91e-15,0.012,0.44,311.80 ,-2.27
J1412-6145,0.315225,9.87e-14,0.0102,0.69,514.40 ,-1.50
J1413-6141,0.285625,3.33e-13,0.0134,0.82,670.60 ,-0.50
J1413-6222,0.292408,2.23e-15,0.023,0.96,808.10 ,-1.6
J1413-6307,0.394946,7.43e-15,0.0031,1.20,121.98 ,-1.40
J1415-6621,0.392479,5.80e-16,0.0069,0.50,260.17 ,-2.13
J1416-5033,0.794883,1.20e-16,0.0139,0.10,58.50 ,-1.6
J1416-6037,0.295580,4.28e-15,0.013,0.70,289.20 ,-1.6
J1418-3921,1.096806,8.89e-16,0.0204,1.00,60.49 ,-1.6
J1418-5945,1.672596,2.71e-16,0.064,0.18,369.00 ,-1.6
J1420-5625,0.034117,6.75e-20,0.0013,0.13,64.56 ,-1.6
J1420-6048,0.068180,8.32e-14,0.0085,1.19,360.15 ,-0.30
J1424-5556,0.770375,7.80e-16,0.022,0.38,198.70 ,-1.65
J1424-5822,0.366734,3.94e-15,0.009,1.30,323.90 ,-1.90
J1424-6438,1.023504,2.40e-16,0.068,0.24,248.00 ,-1.6
J1425-5723,0.353263,2.20e-17,0.0071,0.24,43.40 ,-1.6
J1425-5759,0.707868,7.42e-16,0.0096,0.09,325.00 ,-1.6
J1425-6210,0.501730,4.78e-16,0.011,0.19,430.10 ,-1.6
J1427-4158,0.586486,6.21e-16,0.0137,0.30,71.00 ,-1.6
J1428-5530,0.570290,2.08e-15,0.0122,6.50,82.40 ,-1.6
J1429-5935,0.763915,4.28e-14,0.014,0.11,456.70 ,-1.6
J1430-6623,0.785441,2.77e-15,0.0039,16.30,65.30 ,-1.6
J1431-5740,0.004111,6.42e-21,0.000176,0.35,131.46 ,-1.6
J1432-5032,2.034989,5.92e-15,0.0633,0.30,113.00 ,-1.6
J1433-6038,1.954430,5.63e-15,0.035,0.23,409.00 ,-1.6
J1434-6006,0.306368,3.02e-15,0.0055,0.24,332.00 ,-1.6
J1434-6029,0.963348,1.03e-15,0.019,0.14,282.00 ,-1.6
J1435-5954,0.472995,1.54e-15,0.0162,1.60,44.26 ,-1.6
J1435-6100,0.009348,2.45e-20,0.0011,0.25,113.70 ,-1.6
J1437-5959,0.061696,8.59e-15,0.007,0.07,549.60 ,-1.6
J1437-6146,0.467616,6.33e-15,0.017,0.24,200.50 ,-1.6
J1440-6344,0.459605,1.12e-15,0.0097,0.78,124.20 ,-1.6
J1441-6137,1.175840,3.60e-16,0.018,0.15,166.00 ,-1.6
J1443-5122,0.732061,3.38e-16,0.0401,0.60,87.00 ,-1.6
J1444-5941,2.760228,8.23e-15,0.047,0.42,177.10 ,-2.85
J1446-4701,0.002195,9.81e-21,0.0001,0.40,55.83 ,-1.6
J1449-5846,0.463330,8.60e-17,0.015,0.28,216.60 ,-1.6
J1452-5851,0.386625,5.07e-14,0.0075,0.33,260.50 ,-1.20
J1452-6036,0.154991,1.45e-15,0.0015,1.90,349.54 ,-1.10
J1453-6413,0.179485,2.75e-15,0.0031,18.00,71.25 ,-1.6
J1454-5846,0.045249,8.17e-19,0.0029,0.24,115.95 ,-1.6
J1455-3330,0.007987,2.43e-20,0.0008,1.20,13.57 ,-1.80
J1456-6843,0.263377,9.83e-17,0.0124,64.20,8.64 ,-1.10
J1457-5900,1.498637,3.66e-15,0.062,0.24,175.00 ,-1.6
J1457-5902,0.390739,1.23e-14,0.0084,0.26,477.20 ,-1.6
J1501-5637,0.782949,1.70e-16,0.025,0.21,258.00 ,-1.6
J1502-5653,0.535504,1.83e-15,0.0072,0.39,194.00 ,-1.6
J1502-5828,0.668105,3.64e-14,0.022,0.50,584.00 ,-1.6
J1502-6128,0.842104,1.35e-15,0.029,0.56,256.50 ,-2.95
J1502-6752,0.026744,3.15e-19,0.00297,0.69,151.20 ,-1.6
J1504-5621,0.412985,5.53e-15,0.011,0.24,143.00 ,-1.6
J1507-4352,0.286757,1.60e-15,0.0039,0.90,48.70 ,-1.6
J1507-6640,0.355655,1.16e-15,0.0028,0.60,129.80 ,-2.80
J1509-5850,0.088922,9.17e-15,0.0055,0.21,142.10 ,-1.6
J1509-6015,0.339038,2.12e-15,0.013,0.17,423.60 ,-1.6
J1511-5414,0.200384,4.85e-16,0.0059,0.75,84.76 ,-1.6
J1511-5835,0.301511,3.44e-16,0.016,0.50,332.00 ,-3.09
J1512-5431,2.040532,1.92e-15,0.11,0.38,219.00 ,-1.6
J1512-5759,0.128694,6.85e-15,0.0049,7.80,627.47 ,-1.6
J1513-5739,0.973458,2.75e-14,0.021,0.77,469.70 ,-1.6
J1513-5908,0.151251,1.53e-12,0.0145,1.43,252.50 ,-1.50
J1514-4834,0.454839,9.25e-16,0.008,1.30,51.50 ,-1.6
J1514-5925,0.148796,2.88e-15,0.0038,0.29,194.00 ,-1.6
J1515-5720,0.286646,6.10e-15,0.007,0.25,480.60 ,-2.00
J1517-4356,0.650837,2.16e-16,0.0108,0.50,87.78 ,-1.6
J1517-4636,0.886612,2.10e-15,0.0155,0.30,127.00 ,-1.6
J1518+0204A,0.005554,4.12e-20,0.00037,0.12,30.08 ,-1.6
J1518+0204C,0.002484,2.61e-20,0.00015,0.04,29.31 ,-1.6
J1518-5415,0.214925,4.06e-17,0.004,0.08,167.20 ,-1.6
J1519-5734,0.518758,4.27e-15,0.042,0.45,664.00 ,-1.6
J1519-6106,2.154307,8.37e-15,0.025,0.19,221.00 ,-1.6
J1519-6308,1.254052,5.96e-15,0.022,0.32,250.00 ,-1.6
J1522-5525,1.389605,3.30e-15,0.01,0.25,79.00 ,-1.6
J1522-5829,0.395353,2.00e-15,0.0132,6.00,199.90 ,-1.6
J1524-5625,0.078219,3.90e-14,0.008,1.28,152.20 ,-0.90
J1524-5706,1.116049,3.56e-13,0.0143,0.45,832.00 ,-1.30
J1524-5819,0.961043,1.26e-13,0.013,0.09,406.60 ,-1.6
J1525-5417,1.011694,1.62e-14,0.015,0.18,235.00 ,-1.6
J1525-5523,0.355156,8.96e-18,0.031,0.21,124.70 ,-1.6
J1525-5545,0.011360,1.31e-19,0.00054,0.33,126.93 ,-1.6
J1525-5605,0.280349,1.16e-16,0.025,0.25,338.00 ,-1.6
J1526-5633,0.301888,1.23e-16,0.013,0.11,329.00 ,-1.6
J1527-5552,1.048705,1.13e-14,0.017,0.84,362.70 ,-1.6
J1528-3146,0.060822,2.49e-19,0.0004,0.40,18.16 ,-1.6
J1528-4109,0.526556,3.96e-16,0.0072,0.60,89.50 ,-1.6
J1528-5547,3.467302,7.75e-15,0.0529,0.07,269.00 ,-1.6
J1529-3828,0.008486,2.70e-20,0.00123,0.16,73.62 ,-1.6
J1529-5355,0.891265,8.10e-16,0.056,0.37,292.00 ,-1.6
J1529-5611,0.822249,4.10e-15,0.042,0.14,149.00 ,-1.6
J1530-5327,0.278957,4.68e-15,0.0079,0.92,49.60 ,-0.90
J1531-4012,0.356849,9.63e-17,0.0069,0.40,106.65 ,-1.6
J1531-5610,0.084202,1.37e-14,0.0049,0.87,110.41 ,-0.40
J1532+2745,1.124836,7.80e-16,0.0257,0.80,14.69 ,-2.00
J1532-5308,0.443825,6.50e-17,0.026,0.25,181.00 ,-1.6
J1534-4428,1.221426,1.80e-16,0.0119,0.70,137.30 ,-1.6
J1534-5334,1.368881,1.43e-15,0.0122,6.80,24.82 ,-1.6
J1534-5405,0.289689,1.54e-15,0.0043,1.40,190.82 ,-2.30
J1535-4114,0.432866,4.07e-15,0.0148,2.90,66.28 ,-1.6
J1535-5450,0.566734,1.43e-14,0.0094,0.17,219.80 ,-1.6
J1535-5848,0.307178,2.72e-15,0.0058,0.35,107.00 ,-1.6
J1536-3602,1.319759,7.90e-16,0.0799,1.90,96.00 ,-1.6
J1536-5433,0.881438,1.91e-15,0.0335,1.80,147.50 ,-1.6
J1536-5907,0.557841,1.37e-15,0.013,0.22,316.00 ,-1.6
J1537+1155,0.037904,2.42e-18,0.00031,0.60,11.62 ,-1.90
J1537-4912,0.301311,1.93e-15,0.022,0.31,69.70 ,-1.6
J1537-5153,1.528124,4.17e-15,0.023,0.07,93.00 ,-1.6
J1537-5645,0.430464,2.78e-15,0.067,1.00,707.00 ,-1.04
J1538-5438,0.276726,1.42e-15,0.011,0.24,136.90 ,-1.6
J1538-5519,0.395731,4.10e-17,0.086,0.42,611.00 ,-1.6
J1538-5551,0.104675,3.21e-15,0.0074,0.33,604.60 ,-1.6
J1538-5621,1.908494,7.31e-15,0.0341,0.14,150.00 ,-1.6
J1538-5638,0.843980,7.12e-15,0.046,0.28,546.00 ,-1.6
J1538-5750,0.506568,4.20e-17,0.0047,0.06,91.00 ,-1.6
J1539-4828,1.272842,1.27e-15,0.0198,0.20,117.00 ,-1.6
J1539-5521,1.004958,7.28e-16,0.023,0.14,380.00 ,-1.6
J1539-5626,0.243392,4.85e-15,0.0076,5.00,175.85 ,-1.04
J1540-5736,0.612916,4.21e-16,0.014,0.24,304.50 ,-1.6
J1541-5535,0.295838,7.50e-14,0.0049,0.30,426.10 ,-1.6
J1542-5034,0.599245,3.97e-15,0.0053,0.30,91.00 ,-1.6
J1542-5133,1.783865,5.89e-16,0.035,0.27,186.00 ,-1.6
J1542-5303,1.207568,7.78e-14,0.054,0.35,265.70 ,-1.6
J1543-0620,0.709064,8.80e-16,0.0063,2.00,18.38 ,-2.50
J1543+0929,0.748448,4.32e-16,0.0462,5.90,34.98 ,-2.10
J1543-5013,0.644255,1.01e-14,0.015,0.17,211.00 ,-1.6
J1543-5149,0.002057,1.62e-20,0.00027,0.55,50.93 ,-1.6
J1543-5459,0.377119,5.20e-14,0.0107,0.81,345.90 ,-1.6
J1544-5308,0.178554,6.07e-17,0.004,5.00,35.16 ,-1.6
J1545-4550,0.003575,5.25e-20,0.000128,0.75,68.39 ,-1.6
J1546-5302,0.580840,1.18e-14,0.0088,0.32,287.00 ,-1.6
J1547-5750,0.647198,2.56e-17,0.039,0.23,148.00 ,-1.6
J1547-5839,0.242190,5.94e-16,0.013,0.41,222.30 ,-1.6
J1548-4821,0.145655,8.00e-19,0.012,0.51,126.00 ,-1.6
J1548-4927,0.602738,4.05e-15,0.012,0.69,141.20 ,-1.90
J1548-5607,0.170934,1.07e-14,0.0043,1.39,314.66 ,-1.80
J1549-4848,0.288347,1.41e-14,0.0059,1.60,55.98 ,-1.90
J1549-5722,0.497772,4.70e-17,0.013,0.10,102.00 ,-1.6
J1550-5242,0.749659,1.78e-14,0.011,0.32,337.70 ,-1.6
J1550-5317,1.421124,9.35e-16,0.085,0.40,600.00 ,-1.6
J1551-4424,0.674060,1.88e-16,0.0316,1.00,66.50 ,-1.6
J1551-5310,0.453394,1.95e-13,0.0332,0.72,491.60 ,-1.6
J1552-4937,0.006284,1.90e-20,0.0009,0.14,114.19 ,-1.6
J1553-5456,1.081328,1.57e-14,0.0084,0.90,210.00 ,-3.60
J1554-5512,3.418039,3.12e-14,0.063,0.11,450.00 ,-1.6
J1555-2341,0.532578,6.94e-16,0.0108,0.90,51.90 ,-1.60
J1555-3134,0.518110,6.22e-17,0.0273,3.80,73.05 ,-1.60
J1556-5358,0.994681,1.04e-14,0.029,0.53,436.00 ,-1.6
J1557-4258,0.329187,3.30e-16,0.0038,2.70,144.50 ,-1.6
J1558-5419,0.594575,6.04e-15,0.022,0.40,657.00 ,-1.6
J1558-5756,1.122342,1.86e-13,0.0095,0.19,127.80 ,-1.6
J1559-4438,0.257056,1.02e-15,0.0065,37.10,56.10 ,-1.6
J1559-5545,0.957242,2.05e-14,0.009,0.72,212.90 ,-1.6
J1600-3053,0.003598,9.50e-21,9.4e-05,2.50,52.33 ,-1.6
J1600-5044,0.192601,5.06e-15,0.0043,21.00,262.79 ,-2.16
J1600-5751,0.194454,2.13e-15,0.0099,2.50,176.55 ,-2.10
J1600-5916,1.247666,8.87e-16,0.13,0.33,177.00 ,-1.6
J1601-5244,2.559357,7.21e-16,0.062,0.13,273.00 ,-1.6
J1601-5335,0.288457,6.24e-14,0.0059,0.25,195.20 ,-1.50
J1602-4957,0.819990,1.59e-14,0.029,0.17,319.00 ,-1.6
J1602-5100,0.864227,6.96e-14,0.0043,7.00,170.79 ,-1.6
J1603-2712,0.778313,3.01e-15,0.0145,1.70,46.20 ,-1.70
J1603-3539,0.141909,1.24e-16,0.0108,0.90,77.50 ,-1.6
J1603-5657,0.496077,2.79e-15,0.0025,0.90,264.07 ,-1.6
J1603-7202,0.014842,1.56e-20,0.001206,3.10,38.05 ,-1.80
J1604-4718,0.527466,4.96e-15,0.011,0.22,52.00 ,-1.6
J1604-4909,0.327418,1.02e-15,0.0038,6.10,140.80 ,-1.60
J1605-5215,1.013609,4.75e-15,0.026,0.22,532.00 ,-1.6
J1605-5257,0.658013,2.56e-16,0.0598,21.00,35.10 ,-1.6
J1607-0032,0.421816,3.06e-16,0.0098,1.70,10.68 ,-1.90
J1607-5140,0.342723,2.54e-15,0.02,0.26,533.00 ,-1.6
J1607-6449,0.298116,2.49e-17,0.003,0.22,89.39 ,-1.6
J1609-1930,1.557917,5.09e-16,0.0138,0.30,37.00 ,-1.6
J1609-4616,0.249609,5.01e-16,0.0056,0.38,150.10 ,-1.6
J1609-5158,1.279402,1.30e-14,0.1,0.27,1069.00 ,-1.6
J1610-5006,0.481119,1.36e-14,0.042,1.60,416.00 ,-1.6
J1610-5303,0.786468,2.62e-15,0.044,0.76,380.10 ,-1.6
J1611-4811,1.296850,1.95e-15,0.033,0.08,221.00 ,-1.6
J1611-4949,0.666438,5.42e-16,0.018,0.58,556.80 ,-1.6
J1611-5209,0.182492,5.17e-15,0.0011,1.45,127.34 ,-1.10
J1611-5847,0.354550,2.01e-18,0.0028,0.11,79.90 ,-1.6
J1612-2408,0.923834,1.57e-15,0.0072,0.50,49.00 ,-1.6
J1612-5136,0.483311,3.78e-15,0.125,0.20,1173.00 ,-1.6
J1612-5805,0.615520,9.35e-16,0.0036,0.30,171.30 ,-1.6
J1613-4714,0.382376,6.32e-16,0.0089,1.40,161.20 ,-2.20
J1613-5211,0.457502,1.92e-14,0.014,0.29,360.10 ,-1.6
J1613-5234,0.655221,6.63e-15,0.031,0.28,624.00 ,-1.6
J1614+0737,1.206801,2.36e-15,0.0119,0.60,21.39 ,-2.70
J1614-3937,0.407292,1.59e-16,0.0144,0.70,152.44 ,-2.05
J1614-5048,0.231694,4.95e-13,0.0084,4.10,582.40 ,-2.16
J1614-5144,1.534008,7.44e-15,0.068,0.16,748.00 ,-1.6
J1614-5402,0.572592,2.90e-17,0.014,0.25,300.00 ,-1.6
J1615-5444,0.360958,3.38e-16,0.0065,0.59,312.60 ,-1.6
J1615-5537,0.791526,2.00e-15,0.0055,0.80,124.48 ,-2.14
J1616-5017,0.491384,4.66e-14,0.00976,0.17,194.00 ,-1.6
J1616-5109,1.219594,1.91e-14,0.22,1.20,1160.00 ,-1.6
J1616-5208,1.025831,2.89e-14,0.043,0.44,488.00 ,-1.6
J1617-4216,3.428466,1.81e-14,0.038,0.28,163.60 ,-1.6
J1617-4608,0.567080,1.65e-14,0.0077,0.15,321.50 ,-1.6
J1617-5055,0.069357,1.35e-13,0.0086,0.27,467.00 ,-1.6
J1618-4723,0.203553,1.99e-15,0.0105,1.00,134.70 ,-1.6
J1620-5414,1.156360,6.74e-17,0.026,0.13,71.00 ,-1.6
J1621-5039,1.084020,1.30e-14,0.02,0.36,261.00 ,-1.6
J1621-5243,0.371924,7.68e-16,0.017,0.27,363.00 ,-1.6
J1622-3751,0.731463,2.57e-15,0.0244,0.20,153.80 ,-1.6
J1622-4332,0.916938,1.56e-15,0.032,0.53,230.68 ,-1.6
J1622-4347,0.457681,5.05e-15,0.0098,0.18,177.00 ,-1.6
J1622-4802,0.265072,3.07e-16,0.017,0.92,364.30 ,-1.10
J1622-4845,0.735092,1.10e-16,0.0175,0.15,292.00 ,-1.6
J1622-4944,1.072968,1.71e-14,0.034,0.52,755.00 ,-1.6
J1622-6617,0.023623,5.88e-20,0.00078,0.60,88.02 ,-1.6
J1623-0908,1.276446,2.58e-15,0.0147,0.60,68.18 ,-1.80
J1623-2631,0.011076,6.71e-19,0.00057,1.60,62.86 ,-2.20
J1623-4256,0.364590,1.02e-15,0.0096,2.70,295.00 ,-1.57
J1623-4949,0.725732,4.21e-14,0.011,0.36,183.30 ,-1.6
J1624-4411,0.233164,7.99e-16,0.0081,0.48,139.40 ,-1.39
J1624-4613,0.871243,6.07e-17,0.17,0.39,224.20 ,-1.6
J1624-4721,0.448723,4.15e-15,0.018,0.15,364.00 ,-1.6
J1625-4904,0.460339,1.68e-14,0.013,0.20,684.80 ,-1.6
J1625-4913,0.355856,6.65e-15,0.0104,0.20,720.00 ,-1.6
J1626-4537,0.370141,8.28e-15,0.0101,1.20,237.00 ,-2.00
J1626-4807,0.293928,1.75e-14,0.0625,0.37,817.00 ,-1.6
J1626-6621,0.450868,7.66e-16,0.0026,0.20,84.11 ,-1.6
J1627-4706,0.140746,1.73e-15,0.0084,0.18,456.10 ,-1.6
J1627-4845,0.612331,3.64e-15,0.036,0.48,557.80 ,-0.92
J1627-5547,0.352464,7.38e-16,0.014,0.65,166.20 ,-2.15
J1627-5936,0.354234,8.00e-18,0.0803,1.60,99.30 ,-1.6
J1628-4804,0.865971,1.24e-15,0.039,1.20,952.00 ,-1.68
J1628-4828,4.137539,1.75e-14,0.24,0.29,1209.00 ,-1.6
J1629-3636,2.988193,7.00e-15,0.0116,0.20,101.00 ,-1.6
J1630-4719,0.559071,1.42e-14,0.01,0.46,489.60 ,-1.6
J1630-4733,0.575971,2.23e-14,0.0827,9.90,498.00 ,-0.30
J1631-4155,0.551241,8.81e-18,0.014,0.19,235.00 ,-1.6
J1632-4509,1.046810,1.49e-14,0.018,0.16,412.00 ,-1.6
J1632-4621,1.709154,7.60e-14,0.0119,0.80,562.90 ,-1.80
J1632-4757,0.228564,1.51e-14,0.017,0.51,574.20 ,-1.6
J1632-4818,0.813453,6.50e-13,0.0477,0.48,758.00 ,-1.6
J1633-4453,0.436507,6.20e-15,0.0076,2.60,474.10 ,-1.6
J1633-4805,0.710830,7.69e-14,0.048,0.23,1120.00 ,-1.6
J1633-5015,0.352142,3.79e-15,0.0062,7.60,398.41 ,-2.20
J1634-5107,0.507356,1.57e-15,0.015,0.05,372.80 ,-1.6
J1634-5640,0.224201,4.10e-17,0.0075,0.30,148.00 ,-1.6
J1635-1511,1.179387,2.32e-16,0.0344,0.50,54.00 ,-1.6
J1635+2418,0.490507,1.19e-16,0.0174,0.40,24.27 ,-2.10
J1635-4513,1.594746,3.60e-15,0.075,0.25,416.00 ,-1.6
J1635-4944,0.671964,8.79e-15,0.04,0.40,474.00 ,-1.6
J1635-5954,0.529121,1.37e-15,0.0232,1.80,134.90 ,-3.35
J1636-4440,0.206649,4.67e-14,0.0101,0.29,449.00 ,-1.6
J1636-4803,1.204644,2.07e-14,0.044,1.10,503.00 ,-2.00
J1636-4933,0.430367,1.51e-15,0.017,0.45,542.70 ,-4.28
J1637-4335,0.771367,3.62e-15,0.04,0.18,608.00 ,-1.6
J1637-4450,0.252870,5.75e-16,0.014,0.40,470.70 ,-1.6
J1637-4553,0.118771,3.19e-15,0.0031,1.50,193.23 ,-1.60
J1637-4642,0.154027,5.92e-14,0.0151,0.93,419.10 ,-0.60
J1637-4721,1.165741,4.44e-15,0.021,0.42,448.00 ,-2.41
J1637-4816,0.837365,5.83e-15,0.067,0.74,738.00 ,-1.6
J1638-3815,0.698261,7.70e-17,0.057,0.67,238.00 ,-2.26
J1638-3951,0.771130,5.90e-16,0.0617,0.21,249.00 ,-1.6
J1638-4344,1.121944,2.50e-17,0.034,0.17,237.00 ,-1.6
J1638-4417,0.117802,1.61e-15,0.0046,0.30,436.40 ,-1.6
J1638-4608,0.278137,5.15e-14,0.0052,0.45,423.10 ,-1.6
J1638-4725,0.763933,4.79e-15,0.054,0.32,552.10 ,-1.6
J1638-5226,0.340503,2.65e-15,0.013,0.60,170.10 ,-2.29
J1639-4359,0.587559,1.50e-17,0.024,0.92,258.90 ,-2.30
J1639-4604,0.264558,2.89e-15,0.0187,1.00,258.91 ,-2.40
J1640+2224,0.003163,2.82e-21,0.00022,2.00,18.46 ,-2.00
J1640-4648,0.178352,8.06e-16,0.015,0.26,474.00 ,-1.6
J1640-4715,0.517405,4.20e-14,0.0213,1.56,586.32 ,-1.10
J1640-4951,0.739099,3.34e-16,0.013,0.15,411.40 ,-1.6
J1641-2347,1.091008,4.11e-17,0.047,1.90,27.70 ,-1.6
J1643-1224,0.004622,1.85e-20,0.000314,4.80,62.41 ,-1.90
J1643-4505,0.237383,3.18e-14,0.0065,0.45,478.60 ,-0.50
J1643-4522,1.347899,8.28e-15,0.021,0.11,482.00 ,-1.6
J1643-4550,0.717508,3.00e-14,0.015,0.34,450.80 ,-1.6
J1644-4559,0.455060,2.01e-14,0.008,300.00,478.80 ,-2.90
J1644-4657,0.125962,7.50e-16,0.0403,0.59,718.00 ,-1.6
J1645-0317,0.387690,1.78e-15,0.0034,11.50,35.76 ,-2.30
J1646-4308,0.840680,1.10e-16,0.185,0.33,595.00 ,-1.6
J1646-4346,0.231603,1.13e-13,0.0109,1.25,490.40 ,-1.40
J1646-5123,0.530075,2.10e-15,0.015,0.17,279.00 ,-1.6
J1646-6831,1.785611,1.70e-15,0.0749,4.90,43.00 ,-1.90
J1647-3607,0.212316,1.29e-16,0.01,0.20,224.00 ,-1.6
J1648-3256,0.719455,3.53e-15,0.0098,0.70,128.28 ,-1.6
J1648-4458,0.629632,1.85e-15,0.042,0.55,925.00 ,-2.20
J1648-4611,0.164950,2.37e-14,0.0109,0.61,392.30 ,-1.6
J1648-6044,0.583765,4.29e-16,0.0102,0.70,106.20 ,-1.6
J1649-3805,0.262026,3.67e-17,0.0066,1.60,213.80 ,-2.12
J1649-3935,0.770910,3.91e-17,0.0228,0.05,290.00 ,-1.6
J1649-4349,0.870712,4.40e-17,0.026,0.75,398.60 ,-1.6
J1649-4653,0.557019,4.97e-14,0.0119,0.37,331.00 ,-1.20
J1649-4729,0.297692,6.55e-15,0.018,0.29,540.20 ,-1.6
J1649-5553,0.613571,1.70e-15,0.0479,1.40,180.40 ,-1.6
J1650-1654,1.749552,3.20e-15,0.0442,1.10,43.25 ,-1.6
J1650-4126,0.308918,1.98e-17,0.0076,0.29,251.50 ,-1.6
J1650-4341,0.309398,1.67e-17,0.02,0.26,673.00 ,-1.6
J1650-4502,0.380870,1.61e-14,0.0052,0.61,320.20 ,-1.6
J1650-4921,0.156399,1.82e-15,0.0024,0.29,229.30 ,0.10
J1651-1709,0.973394,3.04e-15,0.0274,0.30,33.46 ,-2.50
J1651-4246,0.844081,4.81e-15,0.1022,21.40,482.00 ,-2.10
J1651-4519,0.517443,8.19e-15,0.052,0.54,562.00 ,-1.6
J1651-5222,0.635056,1.81e-15,0.0161,4.10,179.10 ,-1.40
J1651-5255,0.890534,2.07e-15,0.0208,3.30,164.00 ,-3.11
J1651-7642,1.755311,1.36e-15,0.0756,0.70,80.00 ,-1.6
J1652-1400,0.305447,1.76e-17,0.0095,0.40,49.50 ,-1.6
J1652-2404,1.703739,3.16e-15,0.0298,1.60,68.41 ,-1.70
J1653-3838,0.305037,2.79e-15,0.0024,2.00,207.20 ,-0.70
J1653-4030,1.019372,4.36e-16,0.125,0.40,425.00 ,-1.6
J1653-4249,0.612558,4.81e-15,0.0119,1.50,416.10 ,1.00
J1653-4315,0.419280,1.50e-17,0.105,0.53,337.00 ,-1.6
J1653-4854,3.059510,3.45e-15,0.075,0.18,354.00 ,-1.6
J1654-2713,0.791822,1.68e-16,0.0117,0.30,92.31 ,-1.6
J1654-3710,0.939165,7.35e-16,0.018,0.22,302.00 ,-1.6
J1654-4140,1.273945,1.30e-16,0.019,0.71,307.00 ,-1.6
J1654-4245,1.101555,5.12e-14,0.031,0.14,950.00 ,-1.6
J1655-3048,0.542936,3.66e-17,0.0816,2.20,154.30 ,-1.6
J1655-3844,1.193439,2.00e-15,0.0955,0.25,365.00 ,-1.6
J1656-3621,0.730134,1.28e-15,0.02,0.29,229.00 ,-1.6
J1657-4432,0.609607,8.20e-15,0.013,0.38,375.30 ,-1.6
J1658-4306,1.166449,4.28e-14,0.097,0.80,845.00 ,-1.6
J1658-4958,0.416874,3.86e-15,0.0122,1.60,193.40 ,-2.56
J1659-4316,0.474381,1.71e-16,0.011,0.21,640.90 ,-1.6
J1659-4439,0.353293,2.50e-17,0.018,0.42,535.00 ,-1.10
J1700-3312,1.358307,4.71e-15,0.0317,1.60,166.97 ,-1.80
J1700-3611,1.494091,4.32e-15,0.0203,0.80,232.70 ,-2.27
J1700-3919,0.560504,5.03e-18,0.014,0.23,354.30 ,-1.6
J1700-4012,0.283792,9.91e-17,0.016,0.13,385.00 ,-1.6
J1700-4422,0.755535,4.00e-17,0.0472,0.30,425.00 ,-1.6
J1700-4939,0.578363,1.08e-15,0.013,0.17,278.00 ,-1.6
J1701-3726,2.454609,1.11e-14,0.0409,4.10,303.40 ,-2.00
J1701-4533,0.322909,5.19e-16,0.0183,3.10,526.00 ,-1.40
J1701-4958,0.804304,1.10e-16,0.1287,0.26,230.00 ,-1.6
J1702-3932,0.390328,3.78e-16,0.014,0.30,530.00 ,-1.6
J1702-4128,0.182136,5.23e-14,0.01,1.17,367.10 ,-0.20
J1702-4217,0.227565,1.14e-17,0.041,0.50,629.00 ,-1.23
J1702-4306,0.215507,9.79e-15,0.0059,0.46,538.40 ,-1.6
J1702-4310,0.240524,2.24e-13,0.0115,0.92,377.60 ,-1.10
J1702-4428,2.123506,3.30e-15,0.074,0.38,395.00 ,-1.6
J1703-1846,0.804341,1.73e-15,0.0114,0.70,49.55 ,-2.00
J1703-3241,1.211785,6.60e-16,0.0377,8.70,110.31 ,-3.10
J1703-4442,1.747293,1.43e-14,0.012,0.21,280.20 ,-1.6
J1703-4851,1.396401,5.08e-15,0.0097,1.40,150.29 ,-2.30
J1705-1906,0.298987,4.14e-15,0.1542,9.30,22.91 ,-1.30
J1705-3423,0.255426,1.08e-15,0.0117,5.30,146.36 ,-1.60
J1705-3936,0.854482,1.93e-14,0.022,0.33,598.00 ,-1.6
J1705-3950,0.318941,6.06e-14,0.0221,1.60,207.25 ,-0.84
J1705-4108,0.861067,3.47e-14,0.0404,1.30,1077.00 ,-0.40
J1705-4331,0.222561,7.12e-17,0.01,0.40,185.24 ,-1.6
J1705-6135,0.808546,6.00e-17,0.1657,0.40,95.00 ,-1.6
J1706-3839,0.586287,3.00e-15,0.026,0.20,626.00 ,-1.6
J1706-4310,0.616979,6.51e-15,0.016,0.28,656.10 ,-1.6
J1707-4053,0.581017,1.92e-15,0.0307,10.20,360.00 ,-2.10
J1707-4341,0.890594,5.70e-15,0.012,0.46,398.20 ,-1.85
J1707-4729,0.266474,1.56e-15,0.0047,2.40,268.30 ,-1.40
J1708-3426,0.692113,4.20e-15,0.021,2.00,190.70 ,-2.60
J1708-3506,0.004505,1.14e-20,0.00055,1.31,146.73 ,-1.6
J1708-3641,0.587567,1.35e-16,0.0218,0.12,316.00 ,-1.6
J1708-3827,1.225782,8.60e-15,0.04,0.42,788.00 ,-2.53
J1708-4522,1.297837,2.61e-15,0.017,0.22,454.00 ,-1.6
J1709-1640,0.653054,6.31e-15,0.0076,14.50,24.89 ,-2.00
J1709+2313,0.004631,3.63e-21,0.00034,0.20,25.35 ,-1.6
J1709-3626,0.447857,2.27e-15,0.017,0.58,393.60 ,-0.84
J1709-3841,0.586986,7.86e-15,0.019,0.31,356.00 ,-1.6
J1709-4342,1.735898,8.00e-16,0.05,0.14,281.00 ,-1.6
J1709-4401,0.865235,7.37e-15,0.0101,0.80,225.80 ,-1.6
J1709-4429,0.102459,9.30e-14,0.0057,12.10,75.68 ,-0.80
J1710-2616,0.954158,2.00e-17,0.0875,0.90,111.00 ,-1.6
J1710-4148,0.286561,1.02e-16,0.012,0.31,461.00 ,-1.6
J1711-1509,0.868804,1.10e-15,0.0122,0.70,59.88 ,-1.70
J1711-3826,0.465365,7.41e-15,0.024,0.16,376.00 ,-1.6
J1711-4322,0.102618,2.67e-17,0.007,0.26,191.50 ,-1.6
J1713+0747,0.004570,8.53e-21,0.00011,10.20,15.92 ,-1.40
J1713-3844,1.600114,1.77e-13,0.017,0.26,544.00 ,-1.6
J1714-1054,0.696279,5.88e-17,0.0062,0.50,51.00 ,-1.6
J1715-3247,1.260214,9.20e-17,0.06,0.08,164.00 ,-1.6
J1715-3700,0.779628,1.46e-16,0.11,0.37,449.00 ,-1.6
J1715-3859,0.928108,4.40e-15,0.062,0.54,817.00 ,-1.6
J1715-3903,0.278481,3.77e-14,0.0054,0.66,314.00 ,-1.6
J1715-4034,2.072153,3.01e-15,0.0771,1.90,254.00 ,-2.20
J1715-4254,0.573745,8.76e-16,0.026,0.07,407.00 ,-1.6
J1716-3720,0.630314,1.80e-14,0.014,0.41,682.70 ,-3.75
J1716-4005,0.311813,2.87e-15,0.0134,1.40,435.00 ,-1.6
J1716-4111,1.036067,2.88e-15,0.012,0.22,245.80 ,-1.6
J1716-4711,0.555824,8.33e-16,0.0032,0.30,287.06 ,-1.6
J1717-3425,0.656299,9.80e-15,0.0115,3.90,587.70 ,-2.40
J1717-3737,0.682419,5.29e-15,0.022,0.69,525.80 ,-1.6
J1717-3847,1.149499,8.20e-16,0.287,0.30,707.00 ,-1.6
J1717-3953,1.085521,3.30e-17,0.3097,1.50,466.00 ,-3.33
J1717-4043,0.397857,1.22e-14,0.041,0.54,452.60 ,-1.6
J1717-40435,0.349929,1.75e-15,0.038,0.41,539.00 ,-1.6
J1717-4054,0.887719,3.68e-15,0.0096,1.10,306.90 ,-1.40
J1717-5800,0.321793,1.96e-16,0.0114,0.50,125.22 ,-1.6
J1718-3714,1.289379,2.62e-14,0.096,0.23,833.00 ,-1.6
J1718-3718,3.378574,1.61e-12,0.152,0.40,371.10 ,-3.69
J1718-3825,0.074670,1.32e-14,0.0016,1.70,247.46 ,-0.50
J1718-4539,0.590473,7.51e-15,0.011,0.08,254.00 ,-1.6
J1719-1438,0.005790,8.04e-21,0.0003,0.42,36.86 ,-1.6
J1719-4006,0.189094,1.67e-15,0.0051,1.40,386.60 ,-1.50
J1719-4302,0.235475,3.92e-16,0.0057,0.37,297.70 ,-3.33
J1720-0212,0.477715,8.28e-17,0.059,1.00,66.98 ,-2.20
J1720-1633,1.565601,5.80e-15,0.0162,1.10,44.83 ,-2.10
J1720-2933,0.620448,7.46e-16,0.0145,2.20,42.64 ,-2.30
J1720-3659,0.351125,3.27e-17,0.0075,0.74,381.60 ,-1.6
J1721-1936,1.004037,1.62e-15,0.0206,0.30,75.70 ,-1.6
J1721-2457,0.003497,5.54e-21,0.00092,0.58,47.76 ,-1.50
J1721-3532,0.280424,2.52e-14,0.0298,16.80,496.00 ,-0.80
J1722-3207,0.477158,6.46e-16,0.0052,5.40,126.06 ,-2.01
J1722-3632,0.399183,4.46e-15,0.0187,2.70,416.20 ,-1.6
J1722-3712,0.236173,1.09e-14,0.0037,3.80,99.49 ,-2.20
J1722-4400,0.218554,3.74e-16,0.0037,0.22,219.30 ,-1.6
J1723-2837,0.001856,7.54e-21,0.0002,1.10,19.69 ,-1.6
J1723-2852,0.625034,9.00e-16,0.05,0.13,172.00 ,-1.6
J1723-3659,0.202722,8.01e-15,0.0069,2.10,254.40 ,-0.80
J1724-3149,0.948237,7.25e-15,0.032,0.36,409.00 ,-1.49
J1724-3505,1.221708,2.11e-14,0.024,0.24,875.00 ,-1.6
J1724-4500,1.309109,3.51e-15,0.028,0.05,182.00 ,-1.6
J1725-2852,1.257788,1.99e-15,0.038,0.25,161.00 ,-1.6
J1725-3546,1.032471,1.50e-14,0.033,0.61,744.00 ,-4.07
J1725-3848,2.062386,2.30e-14,0.032,0.14,230.00 ,-1.6
J1725-4043,1.465071,2.79e-15,0.05,0.34,203.00 ,-1.6
J1726-3530,1.110132,1.22e-12,0.037,0.39,718.00 ,-1.6
J1726-3635,0.287432,1.44e-15,0.0078,0.29,539.20 ,-1.6
J1726-4006,0.882778,3.33e-15,0.02,0.21,277.00 ,-1.6
J1727-2739,1.293100,1.10e-15,0.0873,1.70,147.00 ,-2.04
J1727-2946,0.027083,2.46e-19,0.0018,0.25,60.74 ,-1.6
J1728-3733,0.615538,7.20e-17,0.0081,0.19,281.50 ,-1.6
J1728-4028,0.866343,2.33e-16,0.0965,1.20,231.00 ,-2.82
J1730-2304,0.008123,2.02e-20,0.000965,3.00,9.62 ,-1.60
J1730-2900,1.538427,8.85e-15,0.023,0.13,289.00 ,-1.6
J1730-3350,0.139460,8.48e-14,0.0071,4.30,261.29 ,-1.80
J1730-3353,3.270242,2.20e-14,0.054,0.38,256.00 ,-4.08
J1731-1847,0.002345,2.54e-20,0.00013,0.37,106.47 ,-1.6
J1731-3123,0.753048,1.68e-15,0.019,0.29,354.00 ,-1.6
J1731-3322,0.544671,2.81e-14,0.0335,0.10,877.40 ,-1.6
J1731-4744,0.829829,1.64e-13,0.0171,27.00,123.06 ,-1.6
J1732-1930,0.483770,1.82e-16,0.016,0.30,72.43 ,-1.6
J1732-3426,0.332887,4.02e-16,0.014,0.24,513.50 ,-1.6
J1732-3729,2.184001,1.30e-15,0.04,0.31,317.00 ,-1.6
J1732-4128,0.627981,1.28e-14,0.0134,1.10,195.30 ,-2.76
J1732-4156,0.323434,6.61e-16,0.021,0.22,228.70 ,-1.6
J1732-5049,0.005313,1.42e-20,0.000292,1.70,56.84 ,-1.6
J1733-2228,0.871683,4.27e-17,0.0613,4.00,41.14 ,-1.90
J1733-2533,0.659794,2.10e-15,0.036,0.10,242.00 ,-1.6
J1733-2837,0.768185,1.11e-15,0.012,0.07,225.00 ,-1.6
J1733-3030,0.362052,1.65e-15,0.016,0.20,636.00 ,-1.6
J1733-3322,1.245915,4.10e-15,0.0343,0.80,524.00 ,-1.80
J1733-3716,0.337594,1.50e-14,0.0039,3.60,153.18 ,-0.60
J1733-4005,0.561778,3.62e-15,0.014,0.49,317.80 ,-3.32
J1733-5515,1.011234,4.00e-16,0.0455,0.30,83.90 ,-1.6
J1734-3058,0.541286,1.62e-17,0.0107,0.11,260.00 ,-1.6
J1734-3333,1.169341,2.28e-12,0.2306,0.49,578.00 ,-0.50
J1735-0724,0.419335,1.21e-15,0.0045,2.30,73.51 ,-1.80
J1735-3258,0.350963,2.61e-14,0.0953,0.35,758.00 ,-0.10
J1736-2457,2.642223,3.43e-15,0.06,0.84,170.00 ,-3.24
J1736-2819,1.592419,1.49e-14,0.021,0.16,261.00 ,-1.6
J1736-2843,6.445036,3.00e-14,0.145,0.43,331.00 ,-3.16
J1736-3511,0.502803,1.57e-15,0.015,0.18,106.00 ,-1.6
J1737-3102,0.768672,3.73e-14,0.015,0.60,280.00 ,-2.26
J1737-3137,0.450432,1.39e-13,0.0163,0.88,488.10 ,-2.00
J1737-3320,0.816273,2.25e-15,0.042,0.35,804.00 ,-1.6
J1737-3555,0.397585,6.12e-15,0.0054,1.00,89.41 ,-1.20
J1738+0333,0.005850,2.41e-20,0.00043,0.67,33.77 ,-1.6
J1738-2647,0.349591,3.15e-15,0.012,0.44,182.20 ,-2.74
J1738-2736,0.627716,4.62e-15,0.0137,0.17,323.60 ,-1.6
J1738-2955,0.443398,8.19e-14,0.006,0.24,223.40 ,-1.6
J1738-3107,0.549498,2.96e-16,0.034,0.26,735.00 ,-1.6
J1738-3211,0.768499,7.95e-16,0.0113,2.40,49.59 ,-0.90
J1738-3316,0.730373,8.86e-17,0.091,0.55,273.00 ,-3.83
J1739+0612,0.234169,1.56e-16,0.0096,0.80,101.50 ,-1.6
J1739-1313,1.215698,8.17e-17,0.0071,0.90,58.20 ,-1.6
J1739-2903,0.322882,7.88e-15,0.006,4.50,138.55 ,-1.30
J1739-3023,0.114368,1.14e-14,0.0029,1.01,170.50 ,-1.50
J1739-3049,0.239317,2.18e-15,0.0188,0.50,573.20 ,-1.6
J1739-3131,0.529441,1.86e-14,0.0207,6.20,600.10 ,-0.90
J1739-3159,0.877561,1.97e-16,0.0558,1.40,337.00 ,-2.21
J1739-3951,0.341772,1.99e-17,0.0094,0.12,24.60 ,-1.6
J1740+1000,0.154087,2.15e-14,0.0084,2.70,23.90 ,-0.70
J1740+1311,0.803050,1.45e-15,0.0259,2.10,48.67 ,-1.40
J1740-2540,1.692656,1.85e-15,0.03,0.16,333.00 ,-1.6
J1740-3015,0.606887,4.66e-13,0.0024,8.90,151.96 ,-1.11
J1740-3052,0.570313,2.55e-14,0.0089,0.70,738.78 ,-3.39
J1740-3327,0.515001,3.90e-15,0.011,0.30,274.10 ,-1.6
J1741-0840,2.043082,2.27e-15,0.0579,1.40,74.90 ,-2.50
J1741+1351,0.003747,3.02e-20,0.00016,0.93,24.20 ,-1.6
J1741-2719,0.346797,8.06e-17,0.014,0.20,361.90 ,-1.6
J1741-2733,0.892959,1.48e-16,0.0409,1.80,149.20 ,-2.20
J1741-2945,0.223558,6.34e-16,0.0107,0.60,310.30 ,-1.6
J1741-3016,1.893749,8.99e-15,0.0352,2.00,382.00 ,-2.40
J1741-3927,0.512211,1.93e-15,0.0105,5.50,158.50 ,-1.60
J1742-3957,1.016349,8.16e-17,0.066,0.14,186.00 ,-1.6
J1742-4616,0.412401,3.38e-17,0.0218,1.50,115.96 ,-1.6
J1743-0339,0.444645,1.56e-15,0.0065,0.50,30.26 ,-1.10
J1743-1351,0.405337,4.78e-16,0.0146,0.50,116.30 ,-2.00
J1743-2442,1.242508,4.72e-16,0.075,0.14,239.00 ,-1.6
J1743-3150,2.414576,1.21e-13,0.0423,2.10,193.05 ,-0.90
J1743-3153,0.193105,1.06e-14,0.0117,0.60,505.70 ,-1.6
J1743-4212,0.306167,7.83e-16,0.0089,1.90,131.94 ,-1.6
J1744-1134,0.004075,8.93e-21,0.000137,13.00,3.14 ,-1.70
J1744-2335,1.683507,8.33e-16,0.026,0.20,96.66 ,-1.6
J1744-3130,1.066061,2.12e-14,0.016,0.70,192.90 ,-1.10
J1744-3922,0.172444,1.55e-18,0.0034,0.11,148.10 ,-1.6
J1744-5337,0.355666,1.90e-16,0.0076,0.40,108.85 ,-1.6
J1745-0952,0.019376,9.25e-20,0.0018,0.38,64.47 ,-1.14
J1745-2229,1.160593,2.86e-15,0.014,0.13,299.00 ,-1.6
J1745-3040,0.367432,1.07e-14,0.0061,21.00,88.37 ,-1.20
J1745-3812,0.698353,2.43e-15,0.0081,0.20,160.80 ,-1.6
J1746-2849,1.478480,1.27e-14,0.031,0.40,1456.00 ,-1.10
J1746-2850,1.077101,1.34e-12,0.045,0.80,962.70 ,-0.30
J1747-2647,0.500254,1.32e-14,0.066,1.54,570.00 ,-1.6
J1747-2802,2.780079,2.37e-15,0.0273,0.50,835.00 ,-1.6
J1747-2958,0.098814,6.13e-14,0.007,0.25,101.50 ,-1.6
J1748-1300,0.394133,1.21e-15,0.0123,2.00,99.36 ,-1.80
J1748-2021A,0.288603,3.99e-16,0.087,0.37,219.40 ,-1.6
J1748-2444,0.442838,1.11e-16,0.0052,0.34,207.33 ,-1.6
J1749-2347,0.874486,2.42e-15,0.0091,0.13,344.00 ,-1.6
J1749-2629,1.335388,1.72e-15,0.0464,0.70,409.00 ,-2.38
J1749-3002,0.609874,7.87e-15,0.0417,4.10,509.40 ,-1.60
J1749-4931,0.445822,5.90e-16,0.0052,0.10,55.29 ,-1.6
J1750-2043,5.639047,7.95e-15,0.36,0.24,239.00 ,-1.6
J1750-2438,0.712794,1.08e-14,0.0096,0.50,476.00 ,-3.82
J1750-2444,0.899377,2.64e-16,0.032,0.27,331.00 ,-1.6
J1750-28,1.300513,5.78e-15,0.0168,0.09,388.00 ,-1.6
J1750-3157,0.910363,1.97e-16,0.0071,1.70,206.34 ,-1.20
J1750-3503,0.684014,3.81e-17,0.067,0.79,189.35 ,-1.6
J1751-2516,0.394836,2.64e-15,0.0273,0.22,556.00 ,-1.6
J1751-3323,0.548227,8.83e-15,0.0059,1.90,296.70 ,-1.53
J1751-4657,0.742352,1.29e-15,0.0115,6.60,20.40 ,-1.6
J1752-2410,0.191037,6.18e-16,0.0071,0.47,508.30 ,-1.6
J1752-2806,0.562558,8.13e-15,0.0061,47.80,50.37 ,-1.70
J1752-2821,0.640229,3.47e-15,0.0115,0.32,516.30 ,-1.6
J1753-1914,0.062955,2.02e-18,0.011,0.13,105.30 ,-1.6
J1753-2240,0.095138,9.70e-19,0.003,0.15,158.60 ,-1.6
J1753-2501,0.528336,1.41e-14,0.057,2.30,672.00 ,-1.00
J1754-3443,0.361691,5.71e-16,0.012,0.49,187.70 ,-1.82
J1754-3510,0.392704,7.82e-16,0.0041,0.47,82.30 ,-1.6
J1755-1650,0.733744,6.86e-16,0.012,0.13,159.90 ,-1.6
J1755-2025,0.322231,4.42e-15,0.006,0.18,364.30 ,-1.6
J1755-2521,1.175968,9.02e-14,0.0134,0.70,252.00 ,-1.6
J1755-25211,1.004513,3.12e-14,0.02,0.17,835.00 ,-1.6
J1755-2534,0.233541,1.12e-14,0.015,0.17,590.00 ,-1.6
J1755-2550,0.315196,2.43e-15,0.0117,0.20,750.90 ,-1.6
J1755-26,0.430872,1.23e-14,0.0163,0.14,405.00 ,-1.6
J1755-2725,0.261955,1.37e-17,0.0238,0.50,115.00 ,-1.74
J1755-3716,0.012786,3.11e-20,0.0039,0.53,167.60 ,-1.6
J1756+1822,0.744001,5.13e-16,0.032,0.01,70.80 ,-1.6
J1756-2225,0.404980,5.27e-14,0.019,0.25,329.00 ,-1.6
J1756-2251,0.028462,1.02e-18,0.00078,0.60,121.20 ,-1.67
J1756-2435,0.670480,2.85e-16,0.025,2.00,367.10 ,-1.50
J1756-2619,0.724514,1.24e-15,0.018,0.10,534.00 ,-1.6
J1757-1854,0.021497,2.63e-18,0.0004,0.25,378.20 ,-1.6
J1757-2223,0.185310,7.82e-16,0.0013,0.80,239.30 ,-1.50
J1757-2421,0.234106,1.30e-14,0.0096,7.20,179.45 ,-1.27
J1757-27,0.017687,2.10e-19,0.00049,0.07,334.00 ,-1.6
J1758-1931,0.692552,1.69e-14,0.021,0.38,207.00 ,-1.6
J1758-2206,0.430278,9.56e-16,0.0166,0.41,678.00 ,-3.36
J1758-2540,2.107263,1.55e-15,0.12,0.65,218.20 ,-2.73
J1758-2630,1.202893,5.17e-15,0.0156,0.41,328.00 ,-1.30
J1758-2846,0.766706,9.41e-17,0.0044,0.20,66.60 ,-1.6
J1759-1736,0.798452,2.55e-16,0.019,0.12,206.00 ,-1.6
J1759-1903,0.731505,3.07e-15,0.034,0.16,467.00 ,-1.6
J1759-1940,0.254720,9.34e-17,0.0196,0.90,302.70 ,-2.54
J1759-1956,2.843389,1.86e-14,0.0379,0.41,236.40 ,-2.00
J1759-2205,0.460974,1.09e-14,0.0039,1.30,177.16 ,-1.80
J1759-2302,0.810718,1.07e-14,0.0522,1.30,889.00 ,-1.6
J1759-2307,0.558889,3.76e-15,0.0224,0.70,812.60 ,-1.6
J1759-2549,0.956549,9.96e-14,0.0156,0.60,431.00 ,-1.6
J1759-2922,0.574400,4.63e-15,0.01,0.56,79.42 ,-1.6
J1759-3107,1.078953,3.77e-15,0.016,0.91,128.60 ,-1.60
J1800-2114,1.799272,5.50e-16,0.09,0.30,641.00 ,-1.6
J1801-0357,0.921491,3.31e-15,0.0114,0.70,120.37 ,-2.60
J1801-1417,0.003625,5.30e-21,0.00042,0.17,57.26 ,-1.6
J1801-1855,2.550498,1.82e-16,0.0419,0.47,484.00 ,-1.6
J1801-1909,1.108725,7.03e-16,0.04,0.50,264.00 ,-4.23
J1801-2115,0.438113,1.55e-17,0.047,0.19,778.80 ,-1.6
J1801-2154,0.375297,1.60e-14,0.0084,0.21,386.00 ,-1.6
J1801-2304,0.415827,1.13e-13,0.1283,7.00,1073.90 ,-1.70
J1801-2451,0.124924,1.28e-13,0.0046,1.46,291.55 ,-0.80
J1801-2920,1.081908,3.29e-15,0.0496,2.60,125.61 ,-2.00
J1801-3458,1.385604,3.97e-16,0.048,0.11,146.00 ,-1.6
J1802-1745,0.514671,5.64e-16,0.0088,0.21,264.20 ,-1.6
J1802-2124,0.012648,7.26e-20,0.00037,0.77,149.63 ,-3.73
J1802-2426,0.569007,8.56e-15,0.0222,0.60,711.00 ,-1.60
J1802-3346,2.461052,1.32e-15,0.0766,0.20,217.00 ,-1.6
J1803-1616,0.536596,1.77e-15,0.019,0.16,388.10 ,-1.6
J1803-1857,2.864338,1.52e-14,0.0256,0.40,392.00 ,-1.59
J1803-1920,0.443649,3.30e-16,0.012,0.27,436.10 ,-1.6
J1803-2137,0.133667,1.34e-13,0.0131,9.60,233.99 ,-0.10
J1803-2712,0.334415,1.71e-17,0.017,1.20,165.50 ,-1.6
J1804-0735,0.023101,4.67e-19,0.0037,1.00,186.32 ,-2.35
J1804-2228,0.570511,1.43e-16,0.0273,0.20,424.00 ,-1.6
J1804-2717,0.009343,4.09e-20,0.00155,0.40,24.67 ,-2.90
J1805-0619,0.454651,9.69e-16,0.0115,0.90,146.22 ,-1.6
J1805-1504,1.181269,2.73e-16,0.2353,3.70,225.00 ,-1.80
J1805-2032,0.405769,8.39e-15,0.0263,0.70,932.30 ,-1.6
J1805-2037,0.357807,1.76e-15,0.0132,0.34,708.10 ,-1.6
J1805-2447,0.661402,5.82e-18,0.011,0.27,269.00 ,-1.6
J1805-2948,0.428341,4.74e-16,0.0092,0.20,167.90 ,-1.6
J1806-1154,0.522618,1.41e-15,0.03,2.70,122.41 ,-3.14
J1806-1618,0.668309,8.62e-16,0.034,0.22,319.00 ,-1.6
J1806-1920,0.879791,1.70e-17,0.6599,1.40,683.00 ,-1.6
J1806-2125,0.481789,1.21e-13,0.0292,0.80,747.00 ,-2.10
J1807-0847,0.163727,2.88e-17,0.0083,18.20,112.38 ,-1.40
J1807-2715,0.827776,1.22e-14,0.0097,0.91,312.98 ,-3.00
J1808-0813,0.876044,1.24e-15,0.0204,1.60,151.27 ,-2.10
J1808-1020,0.596993,7.72e-16,0.0078,0.23,225.30 ,-1.6
J1808-1517,0.544549,2.67e-15,0.0218,0.35,205.00 ,-1.6
J1808-1726,0.241035,1.16e-17,0.066,0.39,536.00 ,-1.6
J1808-2057,0.918410,1.71e-14,0.076,2.60,606.80 ,-2.00
J1808-3249,0.364912,7.05e-15,0.0043,1.70,147.37 ,-1.6
J1809-0743,0.313886,1.52e-16,0.0135,0.30,240.70 ,-1.6
J1809-1429,0.895285,5.24e-15,0.011,0.60,411.30 ,-2.10
J1809-1850,1.124481,1.06e-14,0.055,0.20,598.00 ,-1.6
J1809-1917,0.082747,2.55e-14,0.017,2.80,197.10 ,-0.40
J1809-1943,5.540743,2.83e-12,0.15,0.68,178.00 ,-1.6
J1809-2004,0.434811,7.28e-15,0.0463,0.90,867.10 ,-1.6
J1809-2109,0.702414,3.82e-15,0.013,0.84,381.91 ,-1.80
J1810-1441,0.217214,2.39e-17,0.014,0.21,304.90 ,-1.6
J1810-1820,0.153716,5.22e-17,0.0136,0.70,452.20 ,-1.44
J1810-2005,0.032822,1.47e-19,0.0072,1.33,241.00 ,-0.67
J1811-0154,0.924945,1.61e-15,0.0216,0.70,148.10 ,-1.6
J1811-1717,0.391385,1.20e-16,0.0388,0.20,545.50 ,-1.6
J1811-1736,0.104182,9.01e-19,0.0234,1.30,476.00 ,-1.6
J1811-1835,0.557464,6.31e-15,0.0167,0.42,761.00 ,-1.6
J1811-2405,0.002661,1.34e-20,0.00011,0.37,60.60 ,-1.6
J1811-2439,0.415813,2.97e-16,0.017,0.26,172.00 ,-1.6
J1811-4930,1.432704,2.25e-15,0.0111,0.40,44.00 ,-1.6
J1812+0226,0.793903,3.60e-15,0.0132,0.30,104.14 ,-2.10
J1812-1718,1.205374,1.91e-14,0.0164,1.10,255.10 ,-2.20
J1812-1733,0.538341,9.82e-16,0.0652,4.80,518.00 ,-1.47
J1812-1910,0.430991,3.77e-14,0.028,0.28,892.00 ,-1.6
J1812-2102,1.223352,2.39e-14,0.0408,1.40,547.20 ,-1.80
J1813-2113,0.426466,2.08e-15,0.0131,0.60,462.30 ,-2.74
J1813-2242,0.328514,4.78e-17,0.021,0.21,333.00 ,-1.6
J1813-2621,0.004430,1.25e-20,0.00066,0.65,112.52 ,-1.6
J1813+4013,0.931089,2.55e-15,0.0122,1.10,41.56 ,-1.20
J1814-0618,1.377868,2.92e-16,0.041,0.58,168.00 ,-1.6
J1814-1649,0.957464,6.33e-15,0.0271,1.30,782.00 ,-1.48
J1814-1744,3.975905,7.45e-13,0.092,0.70,792.00 ,-3.39
J1815-1738,0.198436,7.79e-14,0.0064,0.40,724.60 ,-1.20
J1815-1910,1.249924,3.63e-14,0.0254,0.32,547.80 ,-1.6
J1816-0755,0.217643,6.48e-15,0.0062,0.17,116.80 ,-1.6
J1816-1446,0.594500,1.33e-15,0.025,0.23,629.00 ,-1.6
J1816-1729,0.782313,7.26e-15,0.0122,1.30,525.50 ,-1.97
J1816-2650,0.592885,6.64e-17,0.04,2.50,128.12 ,-1.40
J1817-1511,0.224604,1.43e-15,0.021,0.43,970.00 ,-1.6
J1817-3618,0.387017,2.05e-15,0.009,3.20,94.30 ,-2.00
J1817-3837,0.384487,5.80e-16,0.0045,3.10,102.85 ,-1.70
J1818-1116,0.544800,3.82e-15,0.025,0.50,422.00 ,-1.6
J1818-1422,0.291489,2.04e-15,0.0171,9.60,622.00 ,-2.46
J1818-1448,0.281371,6.15e-15,0.045,0.19,644.00 ,-1.6
J1818-1519,0.939690,4.11e-15,0.1304,2.10,845.00 ,-1.6
J1818-1541,0.551134,9.68e-15,0.0272,1.00,690.00 ,-1.6
J1818-1556,0.952709,7.06e-16,0.026,0.49,230.00 ,-1.6
J1819-0925,0.852047,3.13e-15,0.02,0.72,378.00 ,-2.92
J1819-1008,0.301490,1.32e-15,0.0099,0.35,404.00 ,-1.6
J1819-1114,0.294163,5.66e-16,0.0941,1.07,310.00 ,-1.6
J1819-1131,1.388137,7.61e-16,0.064,0.15,578.00 ,-1.6
J1819+1305,1.060364,3.59e-16,0.056,1.10,64.81 ,-0.70
J1819-1318,1.515696,5.97e-16,0.023,0.16,35.10 ,-1.6
J1819-1408,1.788490,2.59e-15,0.1168,0.50,1075.00 ,-1.6
J1819-1510,0.226539,7.85e-18,0.0069,0.60,421.70 ,-3.39
J1819-1717,0.393522,3.45e-15,0.0315,0.26,405.00 ,-1.6
J1820-0427,0.598076,6.33e-15,0.0105,9.30,84.44 ,-2.10
J1820-0509,0.337321,9.32e-16,0.009,0.25,104.00 ,-1.6
J1820-1346,0.921460,4.50e-15,0.033,2.00,776.70 ,-1.60
J1820-1529,0.333243,3.79e-14,0.0322,0.83,768.50 ,-1.70
J1820-1818,0.309905,9.36e-17,0.0124,1.50,436.00 ,-1.6
J1821-0256,0.414111,3.72e-17,0.01,0.19,84.00 ,-1.6
J1821-1419,1.656010,8.95e-13,0.099,0.20,1123.00 ,-1.6
J1821-1432,1.915131,5.37e-15,0.037,0.22,570.00 ,-1.6
J1822-0848,0.834839,1.35e-16,0.031,0.04,186.30 ,-1.6
J1822-0907,0.974700,3.55e-16,0.028,0.12,467.00 ,-1.6
J1822-1252,2.071040,8.48e-14,0.105,0.25,925.00 ,-1.6
J1822-1400,0.214771,9.07e-16,0.0091,0.80,651.10 ,-2.25
J1822-1617,0.831156,1.89e-15,0.115,0.20,647.00 ,-1.6
J1822-2256,1.874269,1.35e-15,0.0437,3.80,121.20 ,-1.80
J1822-4209,0.456512,4.59e-16,0.0205,0.90,72.51 ,-1.40
J1823-0154,0.759777,1.13e-15,0.0081,0.78,135.87 ,-1.6
J1823+0550,0.752907,2.27e-16,0.0102,1.70,66.78 ,-1.70
J1823-1115,0.279829,1.38e-15,0.026,3.20,428.59 ,-1.52
J1823-1126,1.846534,3.65e-14,0.023,0.51,607.00 ,-1.6
J1823-1347,0.617107,9.60e-15,0.0346,0.41,1044.00 ,-1.31
J1823-1526,1.625405,4.52e-15,0.041,0.47,611.00 ,-2.38
J1823-1807,1.636792,2.79e-16,0.0346,0.39,330.00 ,-1.6
J1823-3021B,0.378596,2.99e-17,0.006,0.07,87.01 ,-2.00
J1823-3106,0.284054,2.93e-15,0.0036,5.60,50.24 ,-1.80
J1824-0127,2.499468,3.91e-15,0.02,0.59,58.00 ,-1.6
J1824-1118,0.435759,3.55e-15,0.023,1.30,603.00 ,-2.10
J1824-1159,0.362492,5.38e-15,0.0108,0.70,463.40 ,-1.6
J1824-1350,1.396599,6.07e-16,0.0194,0.08,551.00 ,-1.6
J1824-1423,0.359394,3.92e-16,0.0099,0.80,428.30 ,-1.23
J1824-1500,0.412230,7.58e-16,0.018,0.16,571.00 ,-1.6
J1824-1945,0.189335,5.23e-15,0.0013,7.80,224.38 ,-2.00
J1824-2233,1.161743,3.01e-16,0.013,0.22,156.50 ,-1.6
J1824-2328,1.505875,1.74e-15,0.018,0.32,185.00 ,-1.6
J1824-2452A,0.003054,1.62e-18,0.000972,2.00,119.89 ,-1.6
J1825+0004,0.778949,8.76e-16,0.0103,0.40,56.62 ,-2.30
J1825-0319,0.004554,6.80e-21,0.000149,0.20,119.50 ,-1.6
J1825-0935,0.769006,5.25e-14,0.0098,10.20,19.38 ,-1.10
J1825-1108,1.925872,1.90e-15,0.0421,0.13,121.00 ,-1.6
J1825-1446,0.279187,2.27e-14,0.009,2.90,352.23 ,-0.48
J1826-1131,2.093136,4.91e-15,0.16,0.71,320.58 ,-1.40
J1826-1334,0.101487,7.53e-14,0.0059,4.70,231.00 ,-1.6
J1826-1526,0.382073,1.08e-15,0.0134,0.46,530.00 ,-2.09
J1827-0750,0.270502,1.54e-15,0.009,2.90,381.00 ,-1.60
J1827-0934,0.512548,7.23e-15,0.0195,0.29,259.20 ,-1.6
J1827-0958,0.245757,1.00e-15,0.0206,2.20,430.00 ,-2.56
J1828-0611,0.269415,1.46e-15,0.0084,1.50,363.20 ,-1.50
J1828-1007,0.153197,6.13e-16,0.0087,0.21,302.60 ,-1.6
J1828-1057,0.246328,2.07e-14,0.0099,0.33,249.00 ,-1.6
J1828-1101,0.072052,1.48e-14,0.0091,2.30,605.00 ,-0.60
J1828-1336,0.860332,9.95e-16,0.0346,0.26,494.70 ,-1.6
J1828-2119,0.514523,1.27e-15,0.028,0.38,268.00 ,-1.6
J1829-0734,0.318401,4.79e-15,0.0071,0.45,316.80 ,-1.6
J1829-1751,0.307133,5.55e-15,0.0135,11.00,217.11 ,-1.70
J1830-0052,0.345698,2.37e-16,0.0093,0.04,220.40 ,-1.6
J1830-1059,0.405043,6.00e-14,0.002,1.50,159.70 ,-0.50
J1830-1135,6.221553,4.77e-14,0.0622,1.10,257.00 ,-2.98
J1830-1313,0.747188,1.71e-15,0.038,0.26,537.00 ,-1.6
J1830-1414,0.771493,7.62e-17,0.011,0.10,393.60 ,-1.6
J1831-0823,0.612133,3.09e-16,0.0119,1.00,245.90 ,-1.90
J1831-0952,0.067267,8.32e-15,0.0074,0.35,247.00 ,-1.6
J1831-1223,2.857941,5.47e-15,0.0921,1.20,342.00 ,-1.90
J1831-1329,2.165679,2.99e-15,0.0471,0.50,338.00 ,-3.31
J1831-1423,0.507945,1.09e-15,0.023,0.19,352.00 ,-1.6
J1832+0029,0.533917,1.51e-15,0.0071,0.14,28.30 ,-1.6
J1832-0644,0.744295,3.71e-14,0.0273,0.70,578.00 ,1.00
J1832-0827,0.647293,6.39e-14,0.0038,4.00,300.87 ,-0.80
J1832-0836,0.002719,8.27e-21,5.8e-05,1.10,28.19 ,-1.6
J1832-1021,0.330354,4.20e-15,0.0064,1.90,475.70 ,-2.93
J1833-0209,0.291931,2.75e-15,0.0174,0.06,325.40 ,-1.6
J1833-0338,0.686704,4.16e-14,0.0048,2.80,234.54 ,-2.80
J1833-0556,1.521545,1.28e-15,0.069,0.20,461.00 ,-1.6
J1833-0559,0.483459,1.23e-14,0.0414,0.60,353.00 ,-1.44
J1833-0827,0.085284,9.17e-15,0.0022,6.90,410.95 ,-1.50
J1833-1034,0.061884,2.02e-13,0.0025,0.07,169.50 ,-1.6
J1833-1055,0.633640,5.27e-16,0.0242,0.50,543.00 ,-2.15
J1834-0010,0.520954,1.05e-17,0.0302,0.29,88.65 ,-1.6
J1834-0426,0.290108,7.19e-17,0.084,5.00,79.31 ,-1.30
J1834-0602,0.487914,1.83e-15,0.0168,0.80,445.00 ,-1.98
J1834-0633,0.317315,6.04e-16,0.1016,0.28,707.00 ,-1.6
J1834-0731,0.512980,5.82e-14,0.0376,1.30,294.00 ,-1.60
J1834-0742,0.788354,3.25e-14,0.018,0.35,552.00 ,-1.6
J1834-1202,0.610259,6.74e-18,0.063,0.70,342.40 ,-0.79
J1834-1710,0.358306,4.69e-17,0.0122,0.70,123.80 ,-2.20
J1834-1855,1.465656,1.93e-15,0.046,0.39,185.20 ,-2.50
J1835-0114,0.005116,7.00e-21,0.0002,0.10,98.00 ,-1.6
J1835-0349,0.841865,3.06e-15,0.015,0.16,269.60 ,-1.6
J1835-0522,1.087749,4.73e-16,0.023,0.23,456.00 ,-1.6
J1835-0643,0.305830,4.05e-14,0.0343,2.30,467.90 ,-2.01
J1835-0924,0.859192,2.14e-14,0.0416,0.55,471.00 ,-1.07
J1835-0944,0.145347,4.39e-15,0.006,0.60,276.20 ,-1.95
J1835-0946,0.379536,4.32e-17,0.004,0.18,193.30 ,-1.6
J1835-1020,0.302450,5.92e-15,0.005,1.90,113.70 ,-1.22
J1835-1106,0.165907,2.06e-14,0.0039,2.50,132.68 ,-2.10
J1835-1548,0.670486,1.74e-15,0.017,0.06,327.00 ,-1.6
J1836-0436,0.354237,1.66e-15,0.0093,2.00,231.50 ,-1.40
J1836-0517,0.457245,1.30e-15,0.013,0.15,564.00 ,-1.6
J1836-1008,0.562711,1.18e-14,0.0061,4.80,316.98 ,-2.98
J1836-1324,0.178756,1.04e-15,0.0024,0.10,157.33 ,-1.6
J1837-0045,0.617037,1.68e-15,0.0072,0.50,86.98 ,-1.6
J1837+0053,0.473513,3.77e-17,0.053,0.34,124.00 ,-1.6
J1837-0559,0.201063,3.30e-15,0.0073,0.58,319.50 ,-1.90
J1837-0604,0.096294,4.52e-14,0.0147,0.75,459.30 ,-0.80
J1837-0653,1.905809,7.72e-16,0.0503,3.50,316.10 ,-1.70
J1837+1221,1.963532,6.20e-15,0.0076,0.50,100.60 ,-1.6
J1837-1243,1.876019,3.65e-14,0.0244,0.17,300.00 ,-1.6
J1837-1837,0.618358,5.50e-15,0.0067,0.40,100.74 ,-2.69
J1838-0107,0.444426,5.46e-18,0.0344,0.05,268.90 ,-1.6
J1838-0453,0.380831,1.16e-13,0.0118,0.40,617.20 ,-1.6
J1838-0549,0.235303,3.34e-14,0.0067,0.42,276.60 ,-1.6
J1838-0624,0.927178,7.74e-17,0.036,0.16,424.00 ,-1.6
J1838-1046,1.218354,3.08e-15,0.0166,0.50,208.00 ,-3.49
J1839-0223,1.266790,4.76e-15,0.0453,0.11,330.00 ,-1.6
J1839-0321,0.238778,1.25e-14,0.0044,0.27,452.60 ,-1.6
J1839-0402,0.520940,7.69e-15,0.007,0.21,242.00 ,-1.6
J1839-0436,0.149461,8.10e-16,0.0064,0.23,292.70 ,-1.6
J1839-0459,0.585319,3.31e-15,0.0117,0.30,243.00 ,-1.6
J1839-0627,0.484914,1.32e-16,0.0232,0.29,88.50 ,-1.6
J1839-0643,0.449548,3.64e-15,0.0206,1.60,497.90 ,-1.50
J1839-0905,0.418969,2.60e-14,0.0159,0.22,344.50 ,-1.6
J1839-1238,1.911428,4.95e-15,0.026,0.37,169.80 ,-1.6
J1840+0214,0.797478,8.29e-15,0.01,0.07,182.40 ,-1.6
J1840-0559,0.859368,9.60e-15,0.016,0.31,321.70 ,-1.6
J1840-0626,1.893353,2.30e-14,0.037,0.16,748.00 ,-1.6
J1840-0753,0.437869,1.00e-16,0.1401,0.37,691.00 ,-1.6
J1840-0809,0.955672,2.35e-15,0.0074,2.50,349.80 ,-1.50
J1840-0815,1.096440,2.42e-15,0.0213,1.90,233.20 ,-2.30
J1840-0840,5.309377,2.37e-14,0.18,1.72,272.00 ,-2.34
J1840-1122,0.940962,6.41e-15,0.011,0.13,311.00 ,-1.6
J1840-1207,0.754470,3.20e-15,0.015,0.22,302.30 ,-1.6
J1841-0157,0.663321,1.81e-14,0.021,0.81,475.00 ,-1.30
J1841-0310,1.657656,3.35e-16,0.059,0.15,216.00 ,-1.6
J1841-0345,0.204068,5.79e-14,0.0112,1.30,194.32 ,-0.85
J1841-0425,0.186149,6.39e-15,0.0043,3.30,325.49 ,-1.70
J1841-0524,0.445749,2.34e-13,0.0113,0.20,284.50 ,-1.6
J1841+0912,0.381319,1.09e-15,0.0079,1.70,49.16 ,-2.00
J1841-1404,1.334557,6.41e-16,0.018,0.18,267.00 ,-1.6
J1841-7845,0.353603,1.60e-16,0.02,0.40,41.00 ,-1.6
J1842-0153,1.054228,6.72e-15,0.0214,0.60,434.00 ,-1.70
J1842+0257,3.088256,2.96e-14,0.052,0.26,148.10 ,-1.6
J1842-0309,0.404920,4.52e-15,0.043,0.25,955.00 ,-1.6
J1842+0358,0.233326,8.11e-16,0.0039,0.09,109.90 ,-1.6
J1842-0359,1.839944,5.09e-16,0.28,4.40,195.98 ,-1.50
J1842-0415,0.526682,2.19e-14,0.011,0.35,188.00 ,-0.80
J1842-0612,0.564475,2.20e-17,0.053,0.54,485.00 ,-1.6
J1842+0638,0.313016,7.60e-17,0.013,0.21,212.20 ,-1.6
J1842-0800,1.255469,1.94e-16,0.0249,0.10,188.60 ,-1.6
J1842-0905,0.344643,1.05e-14,0.00536,1.04,343.40 ,-1.40
J1842+1332,0.471604,2.29e-16,0.0884,1.00,102.50 ,-1.6
J1843-0000,0.880330,7.79e-15,0.0249,3.80,101.50 ,-1.50
J1843-0050,0.782598,2.49e-16,0.0191,0.24,507.00 ,-1.6
J1843-0137,0.669872,2.47e-15,0.017,0.26,486.00 ,-1.6
J1843-0211,2.027524,1.44e-14,0.024,0.93,441.70 ,-2.18
J1843-0355,0.132314,1.04e-15,0.0191,0.89,797.70 ,-0.30
J1843-0408,0.781934,2.39e-15,0.012,0.17,246.00 ,-1.6
J1843-0459,0.754963,8.54e-16,0.0539,1.90,444.10 ,-2.40
J1843-0510,0.671614,3.89e-15,0.024,0.07,257.00 ,-1.6
J1843-0702,0.191614,2.14e-15,0.0024,0.27,228.40 ,-1.6
J1843-0744,0.475393,1.33e-14,0.009,0.17,321.00 ,-1.6
J1843-0806,0.536414,1.74e-14,0.021,0.36,215.80 ,-2.75
J1843-1113,0.001846,9.55e-21,0.00025,0.10,59.96 ,-1.6
J1843-1448,0.005471,6.21e-21,0.001,0.57,114.51 ,-1.6
J1843-1507,0.583550,7.20e-15,0.0065,0.17,215.50 ,-1.6
J1844-0030,0.641098,6.08e-15,0.016,0.42,605.00 ,-2.81
J1844-0244,0.507722,1.67e-14,0.0173,1.10,429.00 ,-1.89
J1844-0302,1.198630,7.81e-15,0.019,0.12,533.00 ,-1.6
J1844-0310,0.525049,1.02e-14,0.0204,0.53,836.10 ,-2.14
J1844-0433,0.991027,3.91e-15,0.013,1.10,123.16 ,-1.80
J1844-0452,0.269443,6.80e-16,0.016,0.19,626.00 ,-1.6
J1844-0502,0.335163,6.18e-17,0.024,0.40,318.00 ,-1.6
J1844-0538,0.255699,9.71e-15,0.0072,3.20,411.71 ,-1.90
J1844+1454,0.375463,1.87e-15,0.0114,1.80,41.49 ,-1.95
J1845-0316,0.207636,8.86e-15,0.012,0.35,500.00 ,-2.66
J1845-0434,0.486751,1.13e-14,0.0151,2.50,230.80 ,-1.18
J1845-0545,1.092348,1.34e-14,0.018,0.47,315.90 ,-1.6
J1845+0623,1.421654,5.46e-16,0.014,0.33,113.00 ,-1.6
J1845-0635,0.340528,4.49e-15,0.0272,0.36,414.00 ,-1.6
J1845-0743,0.104695,3.67e-16,0.0018,3.70,280.93 ,-1.70
J1845-1114,0.206220,2.01e-15,0.0037,0.52,206.70 ,-1.6
J1845-1351,2.618918,9.72e-15,0.016,0.33,197.40 ,-1.6
J1846+0051,0.434373,1.12e-14,0.0282,0.34,140.00 ,-3.75
J1846-0749,0.350110,1.26e-15,0.0074,0.35,388.30 ,-1.6
J1846-07492,0.861380,5.19e-15,0.019,0.19,192.00 ,-1.6
J1846-7403,4.878839,6.06e-15,0.6099,2.90,97.00 ,-1.6
J1847-0130,6.707046,1.27e-12,0.205,0.33,667.00 ,-1.6
J1847-0402,0.597792,5.17e-14,0.0204,4.90,141.98 ,-2.30
J1847-0438,0.957991,1.09e-14,0.0113,0.50,229.00 ,-1.70
J1847-0443,0.340832,2.83e-17,0.009,0.16,454.90 ,-1.6
J1847-0605,0.778164,4.65e-15,0.0131,0.80,207.90 ,-2.50
J1848-0023,0.537624,1.61e-15,0.0177,0.60,30.60 ,-1.6
J1848-0055,0.274557,1.35e-15,0.0279,0.19,1166.00 ,-1.6
J1848-0123,0.659432,5.25e-15,0.0161,15.20,159.53 ,-1.64
J1848+0351,0.191443,6.73e-17,0.0103,0.07,336.60 ,-1.6
J1848-0511,1.637129,8.86e-15,0.099,0.40,418.00 ,-1.6
J1848+0604,2.218603,3.74e-15,0.046,0.35,242.70 ,-1.6
J1848+0647,0.505957,8.75e-15,0.013,0.17,27.90 ,-1.6
J1848+0826,0.328665,2.72e-16,0.019,0.11,90.68 ,-2.00
J1848-1150,1.312218,1.43e-15,0.032,0.21,163.40 ,-1.6
J1848-1414,0.297770,1.41e-17,0.0117,0.60,134.47 ,-2.20
J1849-0040,0.672481,1.11e-14,0.06459,0.20,1234.90 ,-1.6
J1849+0127,0.542155,2.80e-14,0.017,0.46,207.30 ,-1.6
J1849-0317,0.668408,2.20e-14,0.0232,0.70,42.90 ,-1.6
J1849+0409,0.761194,2.16e-14,0.011,0.31,56.10 ,-1.6
J1849-0614,0.953384,5.39e-14,0.014,0.59,119.60 ,-2.76
J1849-0636,1.451319,4.62e-14,0.089,1.40,148.17 ,-2.30
J1850-0006,2.191498,4.32e-15,0.139,0.80,570.00 ,-1.6
J1850-0026,0.166634,3.91e-14,0.013,1.77,947.00 ,-1.6
J1850+0026,1.081844,3.59e-16,0.0126,1.50,201.40 ,-2.21
J1850-0031,0.734185,1.26e-15,0.032,0.23,895.00 ,-1.6
J1850+0423,0.290716,9.14e-17,0.0247,0.20,265.80 ,-1.6
J1850+1335,0.345582,1.49e-15,0.0047,0.80,60.14 ,-1.50
J1851-0029,0.518721,4.74e-15,0.013,0.44,510.00 ,-1.6
J1851-0053,1.409065,8.74e-16,0.0153,0.80,24.00 ,-1.6
J1851-0114,0.953182,2.48e-15,0.025,0.28,427.20 ,-1.6
J1851+0118,0.906977,1.37e-13,0.024,0.10,418.00 ,-1.6
J1851+0233,0.344018,2.18e-15,0.0135,0.08,606.00 ,-1.6
J1851-0241,0.435194,7.96e-15,0.035,0.20,515.00 ,-1.6
J1851+0418,0.284697,1.09e-15,0.071,0.66,115.54 ,-2.09
J1851+1259,1.205303,1.15e-14,0.011,0.75,70.63 ,-1.80
J1852+0008,0.467894,5.68e-15,0.016,0.31,254.90 ,-1.6
J1852+0013,0.957751,1.40e-14,0.019,0.30,545.00 ,-1.6
J1852+0031,2.180195,9.70e-14,0.2749,5.10,787.00 ,-1.12
J1852-0118,0.451473,1.76e-15,0.024,0.35,286.00 ,-1.6
J1852-0127,0.428979,5.15e-15,0.018,0.58,431.00 ,-1.6
J1852+0305,1.326149,1.02e-16,0.0156,0.80,320.00 ,-3.27
J1852-0635,0.524151,1.46e-14,0.0798,9.50,171.00 ,-1.09
J1852-2610,0.336337,8.77e-17,0.0082,1.40,56.81 ,-1.6
J1853-0004,0.101436,5.57e-15,0.00169,0.70,437.50 ,-2.30
J1853+0011,0.397882,3.35e-14,0.0105,0.20,568.80 ,-1.6
J1853+0056,0.275578,2.14e-14,0.0085,0.21,180.90 ,-1.6
J1853+0505,0.905137,1.28e-15,0.1,1.10,279.00 ,-1.6
J1853+0545,0.126400,6.12e-16,0.0068,2.70,198.70 ,-1.20
J1853+0853,3.914658,5.13e-15,0.05,0.11,214.00 ,-1.6
J1854+0317,1.366450,1.85e-15,0.1093,0.12,404.00 ,-1.6
J1854+0319,0.628541,5.51e-17,0.0104,0.17,480.20 ,-1.6
J1854+1050,0.573197,6.39e-16,0.043,1.03,207.20 ,-2.00
J1855+0205,0.246817,6.47e-17,0.0076,0.19,867.30 ,-1.6
J1855+0306,1.633565,6.97e-15,0.0359,0.06,634.00 ,-1.6
J1855+0307,0.845348,1.81e-14,0.012,0.97,402.50 ,-1.60
J1855+0422,1.678106,9.29e-16,0.0427,0.45,438.00 ,-1.6
J1855+0527,1.393484,2.67e-13,0.003,0.24,362.00 ,-1.6
J1855+0700,0.258685,7.52e-16,0.0054,0.10,244.00 ,-1.6
J1855-0941,0.345401,2.40e-16,0.0229,0.90,151.99 ,-3.94
J1856+0102,0.620217,1.22e-15,0.0168,0.38,554.00 ,-1.6
J1856+0113,0.267440,2.08e-13,0.0038,0.19,96.74 ,-1.6
J1856+0245,0.080907,6.21e-14,0.0146,0.58,623.50 ,-1.6
J1856+0404,0.420252,3.71e-17,0.0066,0.48,341.30 ,-2.61
J1857+0057,0.356929,5.46e-17,0.022,0.92,82.39 ,-1.6
J1857+0143,0.139760,3.12e-14,0.0157,0.74,249.00 ,-1.6
J1857+0210,0.630983,1.40e-14,0.016,0.30,783.00 ,-1.6
J1857+0212,0.415823,4.03e-14,0.014,1.60,506.77 ,-1.80
J1857+0300,0.772678,2.65e-15,0.014,0.05,691.00 ,-1.6
J1857+0526,0.349951,6.93e-15,0.0097,0.66,466.40 ,-1.6
J1857+0809,0.502924,4.74e-15,0.012,0.14,282.00 ,-1.6
J1857+0943,0.005362,1.78e-20,0.000518,5.00,13.31 ,-1.60
J1858+0215,0.745828,4.61e-15,0.0325,0.22,702.00 ,-1.6
J1858+0241,4.693233,2.43e-14,0.08,0.10,336.00 ,-1.6
J1858+0319,0.867444,1.03e-16,0.0106,0.06,284.00 ,-1.6
J1858+0346,0.256844,2.04e-15,0.0367,0.19,386.00 ,-1.6
J1859+0601,1.044313,2.55e-14,0.02432,0.30,276.00 ,-1.6
J1859+0603,0.508561,1.59e-15,0.0138,0.16,378.60 ,-1.6
J1900-0051,0.385194,1.42e-16,0.0056,0.45,136.80 ,-2.63
J1900+0227,0.374262,5.71e-15,0.0173,0.33,201.10 ,-1.6
J1900+0438,0.312314,3.23e-15,0.026,0.12,627.00 ,-1.6
J1900+0634,0.389869,5.13e-15,0.0111,0.24,323.40 ,-1.6
J1900-2600,0.612209,2.05e-16,0.052,15.00,37.99 ,-1.50
J1901+0124,0.318817,3.24e-15,0.008255,0.30,314.40 ,-1.6
J1901+0156,0.288219,2.36e-15,0.0061,0.38,105.39 ,-2.90
J1901+0234,0.885240,2.30e-14,0.0204,0.14,404.00 ,-1.6
J1901+0254,1.299693,4.56e-16,0.07,0.58,185.00 ,-1.50
J1901-0312,0.355725,2.29e-15,0.0079,0.23,106.40 ,-1.6
J1901-0315,0.801693,2.57e-15,0.01,0.09,242.60 ,-1.6
J1901+0320,0.636584,5.23e-16,0.0472,0.89,393.00 ,-1.6
J1901+0331,0.655450,7.46e-15,0.011,4.20,402.08 ,-2.70
J1901+0355,0.554756,1.27e-14,0.012,0.15,547.00 ,-1.6
J1901+0413,2.663080,1.32e-13,0.091,1.20,352.00 ,-1.94
J1901+0459,0.877044,1.57e-14,0.028,0.12,1108.00 ,-1.6
J1901+0510,0.614757,3.11e-14,0.05686,0.66,429.00 ,-1.80
J1901+0511,4.600369,2.53e-14,0.0235,0.05,410.00 ,-1.6
J1901+0621,0.832002,1.80e-17,0.053,0.47,94.00 ,-1.6
J1901+0716,0.643999,2.29e-15,0.011,0.90,252.81 ,-0.60
J1901-0906,1.781928,1.64e-15,0.0416,3.50,72.68 ,-2.40
J1901-1740,1.956858,8.23e-16,0.0593,0.30,24.40 ,-1.6
J1902+0248,1.223777,2.41e-15,0.035403,0.17,272.00 ,-1.6
J1902-0340,1.524672,2.00e-15,0.025,0.22,114.00 ,-1.6
J1902+0556,0.746577,1.29e-14,0.011,1.20,177.49 ,-1.80
J1902+0615,0.673503,7.71e-15,0.0034,1.60,502.90 ,-3.27
J1902+0723,0.487813,2.10e-16,0.029,0.17,105.00 ,-1.6
J1903+0135,0.729306,4.03e-15,0.0099,5.50,245.17 ,-2.00
J1903-0258,0.301459,6.79e-16,0.0048,0.14,113.00 ,-1.6
J1903+0601,0.374117,1.92e-14,0.012,0.26,388.00 ,-1.6
J1903+0654,0.791232,1.06e-14,0.0562,0.11,329.00 ,-1.6
J1904+0004,0.139525,1.18e-16,0.0071,2.90,233.61 ,-1.80
J1904-0150,0.379387,8.90e-16,0.0056,0.09,162.20 ,-1.6
J1904+0412,0.071095,1.10e-19,0.0025,0.23,185.90 ,-1.6
J1904+0738,0.208958,4.11e-16,0.0029,0.23,278.32 ,-1.6
J1904+0800,0.263345,1.73e-14,0.0092,0.36,438.80 ,-0.61
J1904+1011,1.856570,2.76e-16,0.028,0.58,135.00 ,-1.65
J1904-1224,0.750808,7.42e-16,0.0058,0.30,118.23 ,-4.09
J1905-0056,0.643181,3.05e-15,0.0032,0.70,229.13 ,-2.19
J1905+0400,0.003784,4.91e-21,0.00059,0.05,25.69 ,-1.6
J1905+0600,0.441210,1.11e-15,0.013,0.42,730.10 ,-3.40
J1905+0616,0.989706,1.35e-13,0.021,0.51,256.05 ,-3.17
J1905+0709,0.648040,4.94e-15,0.0322,1.90,245.34 ,-2.58
J1905+0902,0.218253,3.50e-15,0.0039,0.10,433.40 ,-1.6
J1906+0414,1.043362,1.15e-14,0.022,0.23,349.00 ,-1.6
J1906+0509,0.397590,5.22e-15,0.0212,0.07,99.50 ,-1.6
J1906+0641,0.267275,2.14e-15,0.0167,2.80,472.80 ,-1.03
J1906+0649,1.286564,1.52e-16,0.037,0.30,249.00 ,-1.6
J1906+0746,0.144073,2.03e-14,0.0006,0.55,217.75 ,-1.6
J1906+0912,0.775345,1.32e-16,0.0167,0.32,265.00 ,-1.6
J1907+0249,0.351879,1.14e-15,0.0217,0.46,261.00 ,-2.25
J1907+0255,0.618761,2.23e-16,0.0308,0.14,257.00 ,-1.6
J1907+0345,0.240153,8.22e-15,0.0063,0.17,311.70 ,-1.6
J1907+0534,1.138403,3.15e-15,0.0089,0.36,524.00 ,-1.6
J1907+0631,0.323648,4.52e-13,0.0148,0.25,428.60 ,-1.6
J1907+0731,0.363676,1.84e-14,0.011,0.35,239.80 ,-1.6
J1907+0740,0.574698,6.71e-16,0.0132,0.41,332.00 ,-1.79
J1907+0859,1.527042,5.54e-15,0.0356,0.07,190.00 ,-1.6
J1907+0918,0.226107,9.43e-14,0.0016,0.20,357.90 ,-0.30
J1907+1149,1.420160,1.60e-13,0.015,0.16,202.80 ,-1.6
J1907+4002,1.235757,5.41e-16,0.0585,1.80,30.97 ,-2.00
J1908+0457,0.846793,9.80e-16,0.042,0.93,360.00 ,-2.80
J1908+0500,0.291021,2.59e-15,0.0039,0.79,201.42 ,-1.60
J1908+0734,0.212353,8.25e-16,0.0028,0.54,11.10 ,-1.6
J1908+0833,0.512111,1.99e-15,0.0146,0.20,700.10 ,-1.6
J1908+0839,0.185397,2.39e-15,0.0051,0.49,512.10 ,-1.6
J1908+0909,0.336555,3.49e-14,0.0069,0.22,467.50 ,-1.6
J1908+0916,0.830270,9.80e-17,0.026,0.23,249.80 ,-1.6
J1909+0007,1.016948,5.52e-15,0.008,0.87,112.79 ,-1.80
J1909+0254,0.989831,5.53e-15,0.011,0.63,171.73 ,-2.36
J1909+0616,0.755993,2.06e-14,0.0325,0.33,352.00 ,-1.6
J1909+0641,0.741762,3.22e-15,0.0079,0.11,36.70 ,-1.6
J1909+0749,0.237161,1.52e-13,0.0052,0.23,539.36 ,-1.6
J1909+0912,0.222949,3.58e-14,0.0105,0.40,421.50 ,-1.6
J1909+1102,0.283641,2.64e-15,0.0042,3.20,149.98 ,-2.50
J1909+1148,0.448945,7.25e-17,0.0046,0.09,199.80 ,-1.6
J1909-3744,0.002947,1.40e-20,4.4e-05,1.00,10.39 ,-1.20
J1910-0112,1.360603,1.78e-16,0.05,0.07,178.00 ,-1.6
J1910+0225,0.337855,2.62e-16,0.0164,0.60,209.00 ,-2.99
J1910-0309,0.504605,2.19e-15,0.0076,0.55,205.53 ,-2.60
J1910+0358,2.330263,4.47e-15,0.265,1.50,82.93 ,-0.70
J1910+0517,0.308048,7.30e-16,0.013,0.50,300.00 ,-1.6
J1910+0534,0.452867,1.92e-15,0.0258,0.41,484.00 ,-1.6
J1910+0714,2.712423,6.12e-15,0.022,0.36,124.06 ,-2.53
J1910+0728,0.325415,8.31e-15,0.015,0.87,283.70 ,-0.70
J1910+1231,1.441742,8.23e-15,0.018,0.28,258.64 ,-1.6
J1910-5959A,0.003266,2.95e-21,0.0004,0.21,33.70 ,-1.6
J1910-5959C,0.005277,2.16e-21,0.0013,0.24,33.21 ,-1.6
J1910-5959D,0.009035,9.64e-19,0.0007,0.05,33.28 ,-1.6
J1911-1114,0.003626,1.39e-20,0.00035,0.50,31.02 ,-2.30
J1911+1347,0.004626,1.69e-20,0.00016,0.08,30.99 ,-1.6
J1912+1036,0.409349,1.58e-14,0.015,0.22,147.00 ,-1.6
J1912+2104,2.232969,1.02e-14,0.0099,0.80,88.60 ,-1.40
J1913-0440,0.825936,4.07e-15,0.0081,6.80,89.39 ,-2.60
J1913+0446,1.616130,2.79e-13,0.016,0.48,109.10 ,-1.84
J1913+0657,1.257181,2.83e-15,0.0194,0.05,142.00 ,-1.6
J1913+0832,0.134409,4.57e-15,0.0771,0.90,355.20 ,-1.6
J1913+0904,0.163246,1.76e-14,0.00145,0.40,95.30 ,-1.6
J1913+0936,1.241965,4.32e-16,0.018,0.14,157.00 ,-1.6
J1913+1000,0.837148,1.67e-14,0.032,0.53,422.00 ,-1.53
J1913+1011,0.035909,3.37e-15,0.00162,0.90,178.80 ,-2.20
J1913+1050,0.190067,1.95e-16,0.0045,0.06,231.10 ,-1.6
J1913+1145,0.306069,5.02e-15,0.0144,0.43,637.00 ,-1.77
J1913+1400,0.521473,8.04e-16,0.0062,1.20,145.05 ,-1.40
J1914+0219,0.457527,1.02e-15,0.0133,1.60,233.80 ,-1.14
J1914+0631,0.693811,3.32e-17,0.0126,0.26,58.00 ,-1.6
J1914+1122,0.600997,6.56e-16,0.025,0.55,100.00 ,-1.6
J1915+0227,0.317306,2.99e-16,0.0073,0.40,192.60 ,-3.18
J1915+0738,1.542704,3.31e-15,0.011,0.34,39.00 ,-1.6
J1915+0752,2.058314,1.39e-16,0.024,0.21,105.30 ,-1.6
J1915+0838,0.342777,1.57e-15,0.014,0.29,358.00 ,-1.6
J1915+1009,0.404547,1.53e-14,0.0036,2.00,241.69 ,-2.00
J1915+1410,0.297494,4.89e-17,0.015,0.13,273.70 ,-1.6
J1915+1606,0.059030,8.62e-18,0.0074,0.90,168.77 ,-3.23
J1916+0748,0.541752,1.07e-14,0.08,2.80,304.00 ,-1.6
J1916+0844,0.439995,2.90e-15,0.0083,0.44,339.40 ,-1.28
J1916+0852,2.182746,1.31e-14,0.048,0.13,295.00 ,-1.6
J1916+0951,0.270254,2.52e-15,0.009,1.60,60.95 ,-2.30
J1916+1023,1.618339,6.81e-16,0.072,0.36,329.80 ,-1.62
J1916+1030,0.628970,3.40e-17,0.02,0.22,387.20 ,-1.6
J1916+1225,0.227387,2.35e-14,0.0017,0.09,265.31 ,-1.6
J1916+1312,0.281842,3.65e-15,0.0062,1.20,237.01 ,-1.80
J1917+0834,2.129665,1.75e-14,0.068,0.31,29.18 ,-1.6
J1917+1353,0.194631,7.20e-15,0.0038,6.80,94.54 ,-1.80
J1917+1737,0.334725,3.24e-16,0.0059,0.05,208.00 ,-1.6
J1918-0642,0.007646,2.57e-20,0.00074,0.58,26.46 ,-1.67
J1918+1444,1.181023,2.12e-13,0.028,1.00,27.20 ,-0.21
J1919+0021,1.272260,7.67e-15,0.0101,0.80,90.31 ,-2.30
J1919+0134,1.603984,5.89e-16,0.0405,2.10,191.90 ,-1.6
J1919+1314,0.571400,3.79e-15,0.0115,0.22,613.40 ,-1.6
J1919+1645,0.562790,2.16e-16,0.0145,0.16,208.00 ,-1.6
J1919+1745,2.081343,1.71e-15,0.0624,0.19,142.30 ,-1.6
J1920+1040,2.215802,6.48e-15,0.045,0.57,304.00 ,-3.37
J1920+1110,0.509886,1.56e-16,0.0102,0.39,182.00 ,-1.6
J1921+1419,0.618183,5.60e-15,0.022,0.68,91.64 ,-1.00
J1921+1544,0.143576,9.80e-16,0.0063,0.21,385.00 ,-1.6
J1921+1948,0.821035,8.96e-16,0.0403,1.70,153.85 ,-2.40
J1921+2153,1.337302,1.35e-15,0.0338,18.80,12.44 ,-1.90
J1922+1131,0.562074,2.57e-17,0.023,0.13,335.00 ,-1.6
J1922+1733,0.236171,1.34e-14,0.0094,1.16,238.00 ,-1.6
J1922+2110,1.077924,8.18e-15,0.0148,1.40,217.09 ,-2.40
J1923+1706,0.547209,4.30e-17,0.019,0.41,142.50 ,-1.6
J1923+2515,0.003788,9.56e-21,0.00054,0.22,18.86 ,-1.6
J1924+1631,2.935186,3.64e-13,0.0272,0.09,518.50 ,-1.6
J1924+1639,0.158043,2.56e-15,0.0072,0.21,208.00 ,-1.6
J1925+1720,0.075659,1.05e-14,0.0022,0.07,223.30 ,-1.6
J1926+0737,0.318062,3.75e-16,0.0254,0.11,159.00 ,-1.6
J1926+1434,1.324922,2.19e-16,0.016,0.48,211.41 ,-1.6
J1926+1648,0.579823,1.80e-14,0.0146,1.30,176.88 ,-1.50
J1926+2016,0.299072,3.50e-15,0.0097,0.12,247.00 ,-1.6
J1927+0911,0.290305,6.35e-17,0.0037,0.16,202.70 ,-1.6
J1927+1852,0.482766,1.16e-16,0.032,0.44,254.00 ,-1.6
J1927+1856,0.298313,2.24e-15,0.009,0.55,99.00 ,-2.52
J1928+1443,1.010739,2.10e-16,0.0416,0.17,101.00 ,-1.6
J1928+1746,0.068730,1.32e-14,0.0034,0.28,176.68 ,-1.6
J1928+1923,0.817330,6.35e-15,0.0309,0.64,476.00 ,-1.6
J1929+1357,0.866927,3.66e-15,0.0115,2.20,150.70 ,-1.6
J1929+1955,0.257832,2.56e-15,0.0102,0.42,281.00 ,-1.6
J1929+2121,0.723599,2.14e-15,0.015,0.23,66.00 ,-1.6
J1930+1316,0.760032,3.66e-15,0.017,0.18,207.30 ,-1.6
J1930+1852,0.136855,7.51e-13,0.015,0.06,308.00 ,-1.6
J1931+1439,1.779226,6.33e-15,0.0642,0.08,243.00 ,-1.6
J1931+1536,0.314355,5.01e-15,0.011,0.36,140.00 ,-1.6
J1931+1952,0.501123,1.01e-16,0.013,0.13,441.00 ,-1.6
J1932+1059,0.226518,1.16e-15,0.0057,28.70,3.18 ,-1.70
J1932+1500,1.864332,4.59e-16,0.0507,0.19,90.50 ,-1.6
J1932+2020,0.268217,4.22e-15,0.005,1.20,211.15 ,-2.50
J1932+2220,0.144470,5.76e-14,0.0057,1.20,219.20 ,-1.40
J1932-3655,0.571420,2.84e-16,0.0051,0.70,59.88 ,-1.6
J1933+1304,0.928324,3.18e-16,0.029,0.42,177.01 ,-1.00
J1933-6211,0.003543,3.87e-21,0.00036,2.30,11.52 ,-1.6
J1934+2352,0.178432,1.31e-13,0.0042,0.06,355.50 ,-1.6
J1935+1159,1.939758,9.48e-16,0.272,0.17,188.76 ,-1.6
J1935+1616,0.358738,6.00e-15,0.006,57.80,158.52 ,-1.40
J1935+1745,0.654408,3.78e-16,0.024,0.16,214.60 ,-3.00
J1935+2025,0.080118,6.08e-14,0.002,0.50,182.00 ,-1.6
J1937+1505,2.872774,5.61e-15,0.046,0.13,237.00 ,-1.6
J1937+2544,0.200980,6.43e-16,0.013,1.40,53.22 ,-0.70
J1938+2010,0.687082,3.40e-15,0.025,0.10,327.70 ,-1.6
J1938+2213,0.166116,4.24e-14,0.0068,0.59,91.00 ,-1.6
J1939+2134,0.001558,1.05e-19,3.8e-05,13.20,71.02 ,-1.6
J1940+2245,0.258912,1.27e-14,0.013,0.15,222.40 ,-1.6
J1940+2337,0.546824,7.68e-14,0.0094,0.07,252.10 ,-1.6
J1941+2525,2.306153,1.61e-13,0.0356,0.24,314.40 ,-1.6
J1941-2602,0.402858,9.56e-16,0.0031,1.90,50.04 ,-1.60
J1943+0609,0.446226,4.66e-16,0.0092,0.70,70.76 ,-1.6
J1943-1237,0.972429,1.66e-15,0.0095,1.20,28.92 ,-2.40
J1944+0907,0.005185,1.73e-20,0.0005,2.60,24.36 ,-1.6
J1944-1750,0.841158,9.86e-16,0.0229,0.30,56.32 ,-2.10
J1945-0040,1.045632,5.35e-16,0.05,0.80,59.71 ,-1.80
J1946-1312,0.491865,1.99e-15,0.0101,0.30,60.00 ,-1.6
J1946+1805,0.440618,2.41e-17,0.0135,10.00,16.14 ,-0.90
J1946+2244,1.334450,8.89e-16,0.022,0.17,140.00 ,-1.6
J1946+2535,0.515167,5.64e-15,0.0086,0.48,248.81 ,-1.6
J1946-2913,0.959448,1.49e-15,0.0093,0.50,44.31 ,-2.00
J1947+0915,1.480744,4.78e-16,0.0259,0.20,94.00 ,-1.6
J1947+1957,0.157509,5.23e-16,0.0065,0.08,185.80 ,-1.6
J1948+2333,0.528352,1.36e-14,0.0052,0.28,198.20 ,-1.6
J1948+2551,0.196627,9.02e-15,0.0092,0.62,289.27 ,-1.6
J1948+3540,0.717311,7.06e-15,0.0193,8.30,129.37 ,-2.20
J1949+2306,1.319373,1.23e-16,0.0196,0.10,196.30 ,-1.6
J1949-2524,0.957617,3.27e-15,0.0104,0.40,23.07 ,-2.00
J1950+2414,0.004305,1.89e-20,0.00034,0.12,142.09 ,-1.6
J1952+2630,0.020732,4.27e-18,0.0013,0.09,315.34 ,-1.6
J1952+3252,0.039531,5.84e-15,0.0047,1.00,45.01 ,-1.60
J1953+2732,1.333965,1.77e-15,0.0263,0.10,195.40 ,-1.6
J1954+2407,0.193405,1.06e-15,0.0019,0.10,80.50 ,-1.6
J1954+2923,0.426677,1.71e-18,0.006,8.00,7.93 ,0.00
J1955+2908,0.006133,2.97e-20,0.0018,1.10,104.52 ,-1.6
J1956+0838,0.303911,2.20e-16,0.0149,0.80,67.09 ,-1.6
J1959+2048,0.001607,1.69e-20,3.5e-05,0.40,29.12 ,-1.6
J2002+3217,0.696761,1.05e-13,0.0175,1.20,142.21 ,-1.20
J2002+4050,0.905067,1.74e-15,0.0248,4.90,131.49 ,-1.80
J2004+2653,0.665879,5.67e-17,0.0148,0.06,160.00 ,-1.6
J2004+3137,2.111265,7.46e-14,0.0213,1.80,234.82 ,-1.50
J2005-0020,2.279661,2.57e-14,0.038,0.70,35.93 ,-1.6
J2005+3547,0.615034,2.81e-16,0.0208,0.25,401.60 ,-1.6
J2006-0807,0.580871,4.60e-17,0.0783,4.70,32.39 ,-1.50
J2006+3102,0.163695,2.49e-14,0.0118,0.27,107.16 ,-1.6
J2007+2722,0.024497,9.61e-19,0.016,2.10,127.00 ,-1.6
J2007+3120,0.608205,1.56e-14,0.0087,0.12,191.50 ,-1.6
J2009+3326,1.438369,1.47e-15,0.0267,0.15,263.60 ,-1.6
J2010-1323,0.005223,4.82e-21,0.00028,1.60,22.18 ,-1.6
J2010+2845,0.565369,9.07e-17,0.0136,0.43,112.47 ,-1.6
J2010+3230,1.442448,3.62e-15,0.0288,0.12,371.80 ,-1.6
J2011+3331,0.931733,1.79e-15,0.0306,0.38,298.58 ,-1.6
J2013+3058,0.276028,1.52e-16,0.0029,0.07,148.70 ,-1.6
J2013+3845,0.230194,8.85e-15,0.0227,6.40,238.22 ,-1.10
J2018+2839,0.557953,1.48e-16,0.0149,30.00,14.20 ,-2.30
J2018+3431,0.387664,1.84e-15,0.0067,0.24,222.35 ,-1.6
J2021+3651,0.103741,9.57e-14,0.0099,0.10,367.50 ,-1.6
J2022+2854,0.343402,1.89e-15,0.012,38.00,24.63 ,-0.40
J2029+3744,1.216805,1.23e-14,0.0223,0.60,190.66 ,-2.60
J2037+3621,0.618715,4.50e-15,0.0107,0.80,93.56 ,-1.60
J2038-3816,1.577286,4.13e-15,0.0245,0.30,33.96 ,-1.6
J2046-0421,1.546938,1.47e-15,0.0208,1.70,35.80 ,-1.70
J2046+1540,1.138286,1.82e-16,0.0096,1.70,39.82 ,-1.60
J2048-1616,1.961572,1.10e-14,0.0098,22.00,11.46 ,-1.70
J2050+1259,1.221020,5.04e-16,0.061,0.05,52.40 ,-1.6
J2051-0827,0.004509,1.27e-20,0.00034,2.80,20.73 ,-1.50
J2053+1718,0.119268,2.86e-19,0.0017,0.00,26.98 ,-1.6
J2053-7200,0.341336,1.96e-16,0.0244,6.00,17.30 ,-1.6
J2055+3630,0.221508,3.69e-16,0.0072,2.60,97.42 ,-1.90
J2108-3429,1.423102,3.50e-15,0.0138,0.50,30.22 ,-1.6
J2113+2754,1.202852,2.62e-15,0.013,1.10,25.11 ,-2.30
J2116+1414,0.440153,2.89e-16,0.0077,0.80,56.20 ,-1.70
J2124-3358,0.004931,2.06e-20,0.000524,3.60,4.60 ,-1.50
J2127-6648,0.325771,2.26e-16,0.0229,0.60,35.00 ,-1.6
J2129-5721,0.003726,2.09e-20,0.000262,1.10,31.85 ,-2.20
J2144-3933,8.509827,4.96e-16,0.0165,0.80,3.35 ,-1.6
J2145-0750,0.016052,2.98e-20,0.000337,0.80,9.00 ,-1.80
J2155-3118,1.030002,1.24e-15,0.016,1.20,14.85 ,-2.20
J2157+4017,1.525266,3.43e-15,0.0386,17.00,71.12 ,-1.50
J2212+2933,1.004593,4.95e-16,0.0512,0.90,74.52 ,-1.40
J2229+2643,0.002978,1.52e-21,0.00058,0.90,22.73 ,-1.80
J2236-5527,0.006908,9.60e-21,0.000195,0.28,20.00 ,-1.6
J2241-5236,0.002187,6.64e-21,7e-05,4.10,11.41 ,-1.6
J2248-0101,0.477233,6.59e-16,0.0084,0.50,29.05 ,-1.6
J2305+3100,1.575886,2.89e-15,0.0174,2.20,49.58 ,-2.30
J2313+4253,0.349434,1.12e-16,0.0088,15.00,17.28 ,-1.50
J2317+1439,0.003445,2.43e-21,0.00046,4.00,21.88 ,-1.30
J2317+2149,1.444653,1.05e-15,0.0202,0.90,20.87 ,-2.20
J2322-2650,0.003463,5.83e-22,0.00011,0.16,6.15 ,-1.6
J2324-6054,2.347486,2.59e-15,0.0411,1.00,14.00 ,-1.6
J2330-2005,1.643622,4.63e-15,0.0064,2.90,8.46 ,-2.00
J2346-0609,1.181463,1.36e-15,0.0486,2.00,22.50 ,-1.6
